#UGC:2 PART 997 420 0 1 1 15 2000 9839 00000582 \
#- VERS 0 0                                                          \
#- HOST                                                              \
#- LINK                                                              \
#- DBID                                                              \
#- REVS 0,                                                           \
#- RELL 0,                                                           \
#- UOBJ_ID 962053733 220136368 1265647124                            \
#- MACH                                                              \
#-END_OF_UGC_HEADER
#P_OBJECT 6
@P_object 1 0
0 1 ->
@dep_db 2 0
1 2 ->
@usr_rev 3 0
1 3 [1]
2 3 
@name 4 10
3 4 Evant
@mod_time 5 0
3 5 
@tm_sec 6 1
4 6 25
@tm_min 7 1
4 7 55
@tm_hour 8 1
4 8 10
@tm_mday 9 1
4 9 11
@tm_mon 10 1
4 10 9
@tm_year 11 1
4 11 2015
@action 12 1
3 12 1000
@comment 13 10
3 13 Hostname: 'X172'
@rel_level 14 10
3 14 
@rev_string 15 10
3 15 
@revnum_std 16 1
1 16 80
@flag 17 1
1 17 0
@name 18 10
1 18 NULL
@inst_hidden 19 1
1 19 0
@old_name 20 10
1 20 NULL
@appl_data 21 0
1 21 ->
@bounding_box 22 2
2 22 [2][3]
$C06EB29CD4532C7B,C091CF250CE831E6,BFF133289FFD422A
$C06E0C33ACF4C77E,C091C3F1915086A4,3FE999BE4CD7491E
@ver_key 23 0
1 23 ->
@time 24 1
2 24 962053735
@random_num 25 1
2 25 220098560
@hostid 26 1
2 26 1265647124
@last_read 27 1
1 27 -1
#END_OF_P_OBJECT
#Pro/ENGINEER  TM  Release 20.0  (c) 1988-98 by Parametric Technology Corporation  All Rights Reserved. 9843
@Toc 28 0
0 28 ->
@entry 29 10
1 29 [128]
2 29 BasicData 2b97 5fa 0 998########################################################
2 29 BasicText 3191 39b 0 998########################################################
2 29 GeomDepen 352c 73 0 998#########################################################
2 29 DispCntrl 359f 42 0 998#########################################################
2 29 DisplData 35e1 38 0 998#########################################################
2 29 LargeText 3619 102 0 998########################################################
2 29 FamilyInf 371b 40 0 998#########################################################
2 29 VisibGeom 375b 2f048 0 998######################################################
2 29 NovisGeom 327a3 3e 0 998########################################################
2 29 ActEntity 327e1 267 0 998#######################################################
2 29 AllFeatur 32a48 2d90 0 998######################################################
2 29 FullMData 357d8 28f 0 998#######################################################
2 29 ModelView#0 35a67 4b9 0 998#####################################################
2 29 DispDataColor 35f20 29 0 998####################################################
2 29 DispDataTable 35f49 15a4 0 998##################################################
2 29 AssMrgPrt 374ed 28 0 998########################################################
2 29 ################################################################################
2 29 ################################################################################
2 29 ################################################################################
2 29 ################################################################################
2 29 ################################################################################
2 29 ################################################################################
2 29 ################################################################################
2 29 ################################################################################
2 29 ################################################################################
2 29 ################################################################################
2 29 ################################################################################
2 29 ################################################################################
2 29 ################################################################################
2 29 ################################################################################
2 29 ################################################################################
2 29 ################################################################################
2 29 ################################################################################
2 29 ################################################################################
2 29 ################################################################################
2 29 ################################################################################
2 29 ################################################################################
2 29 ################################################################################
2 29 ################################################################################
2 29 ################################################################################
2 29 ################################################################################
2 29 ################################################################################
2 29 ################################################################################
2 29 ################################################################################
2 29 ################################################################################
2 29 ################################################################################
2 29 ################################################################################
2 29 ################################################################################
2 29 ################################################################################
2 29 ################################################################################
2 29 ################################################################################
2 29 ################################################################################
2 29 ################################################################################
2 29 ################################################################################
2 29 ################################################################################
2 29 ################################################################################
2 29 ################################################################################
2 29 ################################################################################
2 29 ################################################################################
2 29 ################################################################################
2 29 ################################################################################
2 29 ################################################################################
2 29 ################################################################################
2 29 ################################################################################
2 29 ################################################################################
2 29 ################################################################################
2 29 ################################################################################
2 29 ################################################################################
2 29 ################################################################################
2 29 ################################################################################
2 29 ################################################################################
2 29 ################################################################################
2 29 ################################################################################
2 29 ################################################################################
2 29 ################################################################################
2 29 ################################################################################
2 29 ################################################################################
2 29 ################################################################################
2 29 ################################################################################
2 29 ################################################################################
2 29 ################################################################################
2 29 ################################################################################
2 29 ################################################################################
2 29 ################################################################################
2 29 ################################################################################
2 29 ################################################################################
2 29 ################################################################################
2 29 ################################################################################
2 29 ################################################################################
2 29 ################################################################################
2 29 ################################################################################
2 29 ################################################################################
2 29 ################################################################################
2 29 ################################################################################
2 29 ################################################################################
2 29 ################################################################################
2 29 ################################################################################
2 29 ################################################################################
2 29 ################################################################################
2 29 ################################################################################
2 29 ################################################################################
2 29 ################################################################################
2 29 ################################################################################
2 29 ################################################################################
2 29 ################################################################################
2 29 ################################################################################
2 29 ################################################################################
2 29 ################################################################################
2 29 ################################################################################
2 29 ################################################################################
2 29 ################################################################################
2 29 ################################################################################
2 29 ################################################################################
2 29 ################################################################################
2 29 ################################################################################
2 29 ################################################################################
2 29 ################################################################################
2 29 ################################################################################
2 29 ################################################################################
2 29 ################################################################################
2 29 ################################################################################
2 29 ################################################################################
2 29 ################################################################################
2 29 ################################################################################
2 29 ################################################################################
2 29 ################################################################################
2 29 ################################################################################
2 29 ################################################################################
#BasicData
@Sld_BasicData 1 0
0 1 ->
@tab_key 2 1
1 2 0
@tab_key_struct 3 0
1 3 ->
@type 4 4
2 4 H
@tab_key_ptr 5 0
2 5 [510]
@cmprs_tabkey 6 0
2 6 NULL
@type 7 1
1 7 2
@revnum_ptr 8 0
1 8 ->
@geom_revnum 9 1
2 9 514
@cosm_revnum 10 1
2 10 0
@tol_default_ptr 11 0
1 11 ->
@type 12 1
2 12 10
@value 13 2
2 13 [7]
$0,3FB999999999999A,3F847AE147AE147B,3F50624DD2F1A9FC,3F1A36E2EB1C432D,3EE4F8B588E368F1,3EB0C6F7A0B5ED8D
@ang_value 14 2
2 14 [7]
$0,3FE,3FE,3FE,3FE,3FE,3FE
@lin_digits 15 1
2 15 [7]
$-1,-1,-1,-1,-1,-1,-1
@ang_digits 16 1
2 16 [7]
$0,0,0,0,0,0,0
@standard 17 1
2 17 0
@iso_tol_tbls_ptr 18 0
2 18 NULL
@datum_count 19 1
1 19 0
@axis_count 20 1
1 20 0
@insert_layer_id 21 1
1 21 -1
@layer_count 22 1
1 22 0
@rel_part_eps 23 2
1 23 3F53A92A30553261
@model_eps 24 2
1 24 0
@fixed_model_eps 25 1
1 25 0
@assembled_count 26 1
1 26 0
@part_type 27 1
1 27 1
@first_ent_id 28 1
1 28 513569
@first_view_id 29 1
1 29 0
@outline 30 2
1 30 [2][3]
$C06EB29CD4532C7B,C091CF250CE831E6,BFF133289FFD422A
$C06E0C33ACF4C77E,C091C3F1915086A4,3FE999BE4CD7491E
@dim_num 31 1
1 31 0
@geom_lib_ptr 32 0
1 32 NULL
@attrib_array 33 1
1 33 [3]
$0,0,0
@max_part_size 34 2
1 34 3F7961D8BE98F9E8
@model_name 35 10
1 35 XZXX45S-9
@disp_outl_info 36 0
1 36 
@disp_outline 37 2
2 37 [2][3]
$C06EB29CD4532C7B,C091CF250CE831E6,BFF133289FFD422A
$C06E0C33ACF4C77E,C091C3F1915086A4,3FE999BE4CD7491E
@sel_outl_info 38 0
1 38 ->
@outline 39 2
2 39 [2][3]
$C06EB29CD4532C7B,C091CF250CE831E6,BFF133289FFD422A
$C06E0C33ACF4C77E,C091C3F1915086A4,3FE999BE4CD7491E
#BasicText
@Sld_BasicText 1 0
0 1 ->
@assem_mass_prop_ptr 2 0
1 2 NULL
@mass_prop_ptr 3 0
1 3 ->
@type 4 1
2 4 0
@density 5 2
2 5 3F50624DD2F1A9FC
@init_dens 6 5
2 6 0
@rel_density 7 2
2 7 0
@init_rel_dens 8 5
2 8 0
@aver_density 9 2
2 9 0
@vrevnum 10 1
2 10 -1
@volume 11 2
2 11 3E4A4C72B9783AE8
@cg 12 2
2 12 [3]
$0,0,0
@inertia 13 2
2 13 [3][3]
$0,0,BF519CD5A1C7F1D5
$0,0,0
$0,0,0
@eps 14 2
2 14 0
@surfarea 15 2
2 15 0
@assign_mp_ptr 16 0
1 16 NULL
@mat_name_ptr 17 10
1 17 NULL
@unit_arr 18 0
1 18 [3]
2 18 
@type 19 1
3 19 13
@factor 20 2
3 20 3FF
@name 21 10
3 21 MM
@unit_type 22 1
3 22 0
2 18 
3 19 12
3 20 408F4
3 21 GRAM
3 22 1
2 18 
3 19 13
3 20 3F3234576CF0BB8C
3 21 SECS
3 22 2
@p_unit_info 23 0
1 23 ->
@custom_unit_arr 24 0
2 24 [6]
3 24 
3 24 
3 24 
3 24 
3 24 
3 24 
@principal_sys_units 25 10
2 25 millimeter Newton Second (mmNs)
@history_scale 26 2
2 26 [6][2]
$3FF,0
$3FF,0
$3FF,0
$3FF,0
$3FF,0
$3FF,0
#GeomDepen
@Sld_GeomDepend 1 0
0 1 ->
@frst_geom_ptr 2 1
1 2 31
@fem_data 3 0
1 3 NULL
@first_quilt_ptr 4 1
1 4 30
#DispCntrl
@Sld_DispCntrl 1 0
0 1 ->
@color_prop_ptr 2 0
1 2 NULL
#DisplData
@Sld_DispData 1 0
0 1 ->
@disp_data 2 0
1 2 
#LargeText
@Sld_LargeText 1 0
0 1 ->
@names_table 2 0
1 2 [1]
2 2 ->
@id 3 1
3 3 3
@type 4 1
3 4 25
@name 5 10
3 5 XZXX45S-9
@relpar_sets 6 0
1 6 [1]
2 6 
@id 7 1
3 7 -1
@type 8 1
3 8 2
@ext_ref_id 9 1
3 9 -1
@relatnum 10 1
3 10 0
@cfg_states 11 0
1 11 NULL
#FamilyInf
@Sld_FamilyInfo 1 0
0 1 ->
@drv_tbl_ptr 2 0
1 2 NULL
#VisibGeom
@Sld_VisGeom 1 0
0 1 ->
@active_geom 2 0
1 2 
@srf_array 3 0
2 3 [63]
3 3 ->
@geom_type 4 1
4 4 34
@geom_id 5 1
4 5 31
@feat_id 6 1
4 6 4
@boundary_type 7 1
4 7 0
@envlp 8 2
4 8 [2][2]
$3D2,0
$3FD8737AD2E6DC,4001999999999A
@srf_prim_ptr(plane) 9 0
4 9 ->
@local_sys 10 2
5 10 [4][3]
$3FF,8,0
$0,3FF,0
$8,0,3FF
$C06E2C34B98DF0A2,C091CDD81BBF37B3,3D68CCA9E7A61636
@frst_cntr_ptr 11 0
4 11 ->
@frst_cntr_crv_hdr_ptr 12 1
5 12 33
@trv 13 1
5 13 1
@envlp 14 2
5 14 [2][2]
$3D2,0
$3FD8737AD2E6DC,4001999999999A
@next_cntr_ptr 15 0
4 15 NULL
@next_geom_ptr 16 1
4 16 35
@orient 17 1
4 17 1
@outline 18 2
4 18 [2][3]
$C06E2C3591B953EE,C091CDD836C4A41E,BF1B056C68C3099
$C06E1FFAC7B6B75E,C091C50B33ECFE7D,3F1B056C6F13F1A4
3 3 ->
4 4 34
4 5 35
4 6 4
4 7 0
4 8 [2][2]
$0,0
$3FD8737AD2E78,4001999999999A
4 9 ->
5 10 [4][3]
$3FF,8,0
$0,3FF,0
$8,0,3FF
$C06E9ED585237701,C091CDD81BBF37B3,BD6EB3FF24ACA962
4 11 ->
5 12 37
5 13 1
5 14 [2][2]
$0,0
$3FD8737AD2E78,4001999999999A
4 15 NULL
4 16 39
4 17 1
4 18 [2][3]
$C06E9ED5B9913CD7,C091CDD836C4A41D,BF1B056C73D6F6E2
$C06E929AEF8E9FD7,C091C50B33ECFE75,3F1B056C6C2C2D82
3 3 ->
4 4 36
4 5 39
4 6 4
4 7 0
4 8 [2][2]
$3FFC47A781D06ECD,0
$400921FB54442D18,4001999999999A
@srf_prim_ptr(cylinder) 19 0
4 19 ->
@local_sys 20 2
5 20 [4][3]
$0,3FEFFFFFFFFFFFFF,0
$0,0,BFF
$BFEFFFFFFFFFFFFF,0,0
$C06E1FFAFC247D34,C091C50B4EF26AE6,BFA999C38B03FFC1
@radius 21 2
5 21 3FA999C38B05F10E
4 11 ->
5 12 41
5 13 1
5 14 [2][2]
$3FFC47A781D06ECD,0
$400921FB54442D18,4001999999999A
4 15 NULL
4 16 43
4 17 1
4 18 [2][3]
$C06E1FFAFC247D34,C091CDD81BBF37B3,BFA498F3B6C14CDE
$C06E1E6945E745,C091C50B4EF26AE6,3D6F14C98
3 3 ->
4 4 36
4 5 43
4 6 4
4 7 0
4 8 [2][2]
$400921FB54442D18,0
$4012101173D00F4E,4001999999999A
4 19 ->
5 20 [4][3]
$0,3FF,0
$0,0,BFF
$BFF,0,0
$C06E9ED585237701,C091C50B4EF26AE6,BFA999C38B039C21
5 21 3FA999C38B048F74
4 11 ->
5 12 45
5 13 1
5 14 [2][2]
$400921FB54442D18,0
$4012101173D00F4E,4001999999999A
4 15 NULL
4 16 47
4 17 1
4 18 [2][3]
$C06EA0673B60AF23,C091CDD81BBF37B3,BFA498F3B6C114FD
$C06E9ED585237701,C091C50B4EF26AE6,3D5E6A608
3 3 ->
4 4 34
4 5 47
4 6 4
4 7 0
4 8 [2][2]
$BFEB8D88B673AA6A,C001999999999A01
$BD533771DCB51732,B9F82
4 9 ->
5 10 [4][3]
$3FC903E629267088,3CF64E931E72B38D,3FEF62095D6C8F8
$0,3FF0000000000001,BCF6BEDACEBA09EF
$BFEF62095D6C8F8,3CD1C7E06F094206,3FC903E629267088
$C06E1906CA5740DE,C091C50B4EF26AE6,BFEC4F152F1A25EE
4 11 ->
5 12 49
5 13 1
5 14 [2][2]
$BFEB8D88B673AA6A,C001999999999A01
$BD533771DCB51732,B9F82
4 15 NULL
4 16 51
4 17 1
4 18 [2][3]
$C06E1E6945E745,C091CDD81BBF37B3,BFEC4F152F1A1D54
$C06E1906CA5740E4,C091C50B4EF26AE6,BFA498F3B6C14C5F
3 3 ->
4 4 34
4 5 51
4 6 4
4 7 0
4 8 [2][2]
$BFEB8D88B673A799,C001999999999A01
$BD4F22A569A4C5BB,3A09A2668EC60FB4
4 9 ->
5 10 [4][3]
$3FC903E62926B15F,BCE9BF5088B47BF8,BFEF62095D6C8C45
$0,3FF0000000000001,BCEA40E959F965BA
$3FEF62095D6C8C45,3CC485E9387B6721,3FC903E62926B15F
$C06EA0673B60AF21,C091C50B4EF26AE6,BFA498F3B6C09C02
4 11 ->
5 12 53
5 13 1
5 14 [2][2]
$BFEB8D88B673A799,C001999999999A01
$BD4F22A569A4C5BB,3A09A2668EC60FB4
4 15 NULL
4 16 55
4 17 1
4 18 [2][3]
$C06EA5C9B6F0B3E5,C091CDD81BBF37B3,BFEC4F152F1A193B
$C06EA0673B60AF23,C091C50B4EF26AE6,BFA498F3B6C1149F
3 3 ->
4 4 36
4 5 55
4 6 4
4 7 0
4 8 [2][2]
$4013A2E78A96332D,BD5
$401921FB54445798,4001999999999A
4 19 ->
5 20 [4][3]
$0,3FF,0
$0,0,BFF
$BFF,0,0
$C06E1775141A08BC,C091C50B4EF26AE6,BFEBFF0831D5F429
5 21 3FA999C38B048973
4 11 ->
5 12 57
5 13 1
5 14 [2][2]
$4013A2E78A96332D,BD5
$401921FB54445798,4001999999999A
4 15 NULL
4 16 59
4 17 -1
4 18 [2][3]
$C06E1906CA5740E4,C091CDD81BBF37B3,BFED98A46A864543
$C06E1775141A08B4,C091C50B4EF26AE5,BFEC4F152F1A1D54
3 3 ->
4 4 36
4 5 59
4 6 4
4 7 0
4 8 [2][2]
$BDD1A7E,BD3CDCDF1DE755D8
$3FF5FC4F26B7D938,4001999999999919
4 19 ->
5 20 [4][3]
$BB2C3C356A5D6B7B,3FF,BD97CE86CFFA8221
$BD9D04D62DF0E904,BD97CE86CFFA8221,BFF
$BFF,3B3D0F6BF421C23A,3D9D04D62DF0E904
$C06EA75B6D2DEB55,C091C50B4EF26AE5,BFEBFF0831D5F1AA
5 21 3FA999C38B04998
4 11 ->
5 12 61
5 13 1
5 14 [2][2]
$BDD1A7E,BD3CDCDF1DE755D8
$3FF5FC4F26B7D938,4001999999999919
4 15 NULL
4 16 63
4 17 -1
4 18 [2][3]
$C06EA75B6D2DEC97,C091CDD81BBF37B3,BFED98A46A864543
$C06EA5C9B6F0B33D,C091C50B4EF26AE6,BFEC4F152F184C67
3 3 ->
4 4 34
4 5 63
4 6 4
4 7 0
4 8 [2][2]
$BFD6811DF3BB8E,0
$3D52,4001999999999C
4 9 ->
5 10 [4][3]
$3FF,8,0
$0,3FF,0
$8,0,3FF
$C06E0C3485202AED,C091CDD81BBF37B3,BFED98A46A864543
4 11 ->
5 12 65
5 13 1
5 14 [2][2]
$BFD6811DF3BB8E,0
$3D52,4001999999999C
4 15 NULL
4 16 67
4 17 1
4 18 [2][3]
$C06E17754887CE89,C091CDD836C4A418,BFED997C95E97008
$C06E0C33ACF4C7BF,C091C50B33ECFE82,BFED97CC3F231A85
3 3 ->
4 4 34
4 5 67
4 6 4
4 7 0
4 8 [2][2]
$BFD6811DF3BBA,0
$BD83C,4001999999999C
4 9 ->
5 10 [4][3]
$3FF,8,0
$0,3FF,0
$8,0,3FF
$C06EA75B6D2DEB77,C091CDD81BBF37B3,BFED98A46A864543
4 11 ->
5 12 69
5 13 1
5 14 [2][2]
$BFD6811DF3BBA,0
$BD83C,4001999999999C
4 15 NULL
4 16 71
4 17 1
4 18 [2][3]
$C06EB29CD4532C7B,C091CDD836C4A415,BFED997C95E97981
$C06EA75B38C025F1,C091C50B33ECFE7E,BFED97CC3F23110C
3 3 ->
4 4 34
4 5 71
4 6 4
4 7 0
4 8 [2][2]
$BFC33352A84380B8,C001999999999A
$0,3D5
4 9 ->
5 10 [4][3]
$0,0,3FF
$0,3FF,8
$BFF,0,0
$C06E0C3485202AED,C091C50B4EF26AE6,BFF132BC8A4B92BC
4 11 ->
5 12 73
5 13 1
5 14 [2][2]
$BFC33352A84380B8,C001999999999A
$0,3D5
4 15 NULL
4 16 75
4 17 1
4 18 [2][3]
$C06E0C355D4B8E3B,C091CDD836C4A41E,BFF133289FFD422A
$C06E0C33ACF4C77E,C091C50B33ECFE7A,BFED97CC3F231A85
3 3 ->
4 4 34
4 5 75
4 6 4
4 7 0
4 8 [2][2]
$BFC33352A8438198,C001999999999A
$3CB,3D5
4 9 ->
5 10 [4][3]
$0,0,BFF
$0,3FF,0
$3FF,8,0
$C06EB29BFC27C947,C091C50B4EF26AE6,BFED98A46A86454C
4 11 ->
5 12 77
5 13 1
5 14 [2][2]
$BFC33352A8438198,C001999999999A
$3CB,3D5
4 15 NULL
4 16 79
4 17 1
4 18 [2][3]
$C06EB29CD4532C7B,C091CDD836C4A415,BFF133289FFD1A4F
$C06EB29B23FC6612,C091C50B33ECFE7E,BFED97CC3F23110C
3 3 ->
4 4 34
4 5 79
4 6 4
4 7 0
4 8 [2][2]
$BD68,0
$3FDE615A33B342,4001999999999A
4 9 ->
5 10 [4][3]
$BFF,0,0
$0,3FF,0
$8,0,BFF
$C06E0C3485202AED,C091CDD81BBF37B3,BFF132BC8A4B92BC
4 11 ->
5 12 81
5 13 1
5 14 [2][2]
$BD68,0
$3FDE615A33B342,4001999999999A
4 15 NULL
4 16 83
4 17 1
4 18 [2][3]
$C06E1B6566A7CA64,C091CDD836C4A41E,BFF133289FFD422A
$C06E0C33ACF4C77E,C091C50B33ECFE7A,BFF132507499E34E
3 3 ->
4 4 34
4 5 83
4 6 4
4 7 0
4 8 [2][2]
$BD2,C001999999999A
$3FDE615A33B0CC,3D5
4 9 ->
5 10 [4][3]
$BFF,0,0
$0,3FF,0
$8,0,BFF
$C06EA36B4F0DF0E1,C091C50B4EF26AE6,BFF132BC8A4B92BC
4 11 ->
5 12 85
5 13 1
5 14 [2][2]
$BD2,C001999999999A
$3FDE615A33B0CC,3D5
4 15 NULL
4 16 87
4 17 1
4 18 [2][3]
$C06EB29CD4532C56,C091CDD836C4A415,BFF133289FFD1A4F
$C06EA36B1AA02B0A,C091C50B33ECFE83,BFF13250749A0B3C
3 3 ->
4 4 36
4 5 87
4 6 4
4 7 0
4 8 [2][2]
$4013A2E78A940D4A,3D3CDCDF1DDF5C74
$401921FB54453395,4001999999999AE7
4 19 ->
5 20 [4][3]
$3B2C3C356A4A65,3FF,BD97CE86CFF80B9C
$3D9D04D62DEC757E,BD97CE86CFF80B9C,BFF
$BFF,BB3D0F6BF4202E62,BD9D04D62DEC757E
$C06E1B65323A0354,C091C50B4EF26AE7,BFF065EE6DF37E6B
5 21 3FA999C38B03573C
4 11 ->
5 12 89
5 13 1
5 14 [2][2]
$4013A2E78A940D4A,3D3CDCDF1DDF5C74
$401921FB54453395,4001999999999AE7
4 15 NULL
4 16 91
4 17 1
4 18 [2][3]
$C06E1CF6E8773B83,C091CDD81BBF37B3,BFF132BC8A4C9883
$C06E1B65323A03BD,C091C50B4EF26AE6,BFF08DF4EC958E5E
3 3 ->
4 4 36
4 5 91
4 6 4
4 7 0
4 8 [2][2]
$0,BD5
$3FF5FC4F26B7E9A4,4001999999999A
4 19 ->
5 20 [4][3]
$0,3FF,0
$0,0,BFF
$BFF,0,0
$C06EA36B4F0DF0E,C091C50B4EF26AE6,BFF065EE6DF3679F
5 21 3FA999C38B05B2E
4 11 ->
5 12 85
5 13 1
5 14 [2][2]
$0,BD5
$3FF5FC4F26B7E9A4,4001999999999A
4 15 NULL
4 16 93
4 17 1
4 18 [2][3]
$C06EA36B4F0DF0E,C091CDD81BBF37B3,BFF132BC8A4B9536
$C06EA1D998D0B89E,C091C50B4EF26AE5,BFF08DF4EC957EB2
3 3 ->
4 4 34
4 5 93
4 6 4
4 7 0
4 8 [2][2]
$BFEB8D88B6749A7F,C001999999999A
$3D876C4A7B9B86A7,B9F530588BACB7
4 9 ->
5 10 [4][3]
$BFC903E6292669D8,BCE06A4C0543158,BFEF62095D6C8FD5
$0,3FF,BCE0BCEBEC20C66C
$3FEF62095D6C8FD5,BCBA2B44D3FB2A7C,BFC903E6292669D8
$C06E225964073FAA,C091C50B4EF26AE6,BFC8598F95F3B58D
4 11 ->
5 12 95
5 13 1
5 14 [2][2]
$BFEB8D88B6749A7F,C001999999999A
$3D876C4A7B9B86A7,B9F530588BACB7
4 15 NULL
4 16 97
4 17 1
4 18 [2][3]
$C06E225964074064,C091CDD81BBF37B3,BFF08DF4EC95F517
$C06E1CF6E8773B5A,C091C50B4EF26AE6,BFC8598F95F245C3
3 3 ->
4 4 34
4 5 97
4 6 4
4 7 0
4 8 [2][2]
$BFEB8D88B673AC54,C001999999999A01
$BD4789A3713CAC41,B9B495764A640E28
4 9 ->
5 10 [4][3]
$BFC903E62926AF8D,BC874A96A0EB4962,3FEF62095D6C8C5D
$0,3FF0000000000001,3C87BFD2CE7D7EB4
$BFEF62095D6C8C5D,3C6290C17E5B0F13,BFC903E62926AF8D
$C06EA1D998D0B8A,C091C50B4EF26AE6,BFF08DF4EC95817F
4 11 ->
5 12 99
5 13 1
5 14 [2][2]
$BFEB8D88B673AC54,C001999999999A01
$BD4789A3713CAC41,B9B495764A640E28
4 15 NULL
4 16 101
4 17 1
4 18 [2][3]
$C06EA1D998D0B89E,C091CDD81BBF37B3,BFF08DF4EC957EB2
$C06E9C771D40B3C4,C091C50B4EF26AE6,BFC8598F95F3CD16
3 3 ->
4 4 36
4 5 101
4 6 4
4 7 0
4 8 [2][2]
$3FFC47A781D48A4C,BD573737C77AAF16
$400921FB54442D18,4001999999999919
4 19 ->
5 20 [4][3]
$3B2C3C356A5AB872,3FEFFFFFFFFFFFFF,BD97CE86CFF809EC
$3D9D04D62DEFF28F,BD97CE86CFF809EB,BFF
$BFEFFFFFFFFFFFFF,BB3D0F6BF41D3269,BD9D04D62DEFF29
$C06E23EB1A4477EB,C091C50B4EF26AE5,BFC999C38B049BD6
5 21 3FA999C38B05F672
4 11 ->
5 12 103
5 13 1
5 14 [2][2]
$3FFC47A781D48A4C,BD573737C77AAF16
$400921FB54442D18,4001999999999919
4 15 NULL
4 16 105
4 17 -1
4 18 [2][3]
$C06E23EB1A4478BD,C091CDD81BBF37B3,BFC8598F95F97915
$C06E225964073FBC,C091C50B4EF26AE5,BFC33352A8431D2C
3 3 ->
4 4 36
4 5 105
4 6 4
4 7 0
4 8 [2][2]
$400921FB54424D1B,BD3CDCDF1DE8C9C8
$4012101173D01016,4001999999999919
4 19 ->
5 20 [4][3]
$BB2C3C356A59674A,3FF,3D97CE86CFF7E012
$3D9D04D62DEF97E7,3D97CE86CFF7E012,BFF
$BFF,3B3D0F6BF41D0833,BD9D04D62DEF97E8
$C06E9AE567037C26,C091C50B4EF26AE5,BFC999C38B048B15
5 21 3FA999C38B05EEA2
4 11 ->
5 12 107
5 13 1
5 14 [2][2]
$400921FB54424D1B,BD3CDCDF1DE8C9C8
$4012101173D01016,4001999999999919
4 15 NULL
4 16 109
4 17 -1
4 18 [2][3]
$C06E9C771D40B46D,C091CDD81BBF37B3,BFC8598F95FB0069
$C06E9AE567037AF5,C091C50B4EF26AE6,BFC33352A8430F6D
3 3 ->
4 4 34
4 5 109
4 6 4
4 7 0
4 8 [2][2]
$BFC333333332EB95,BFE7C0A23358B8
$BC8,0
4 9 ->
5 10 [4][3]
$0,0,3FF
$0,3FF,8
$BFF,0,0
$C06E99774AC61B15,C091C84278803CCF,BFC3333333333333
4 11 ->
5 12 111
5 13 1
5 14 [2][2]
$BFC333333332EB95,BFE7C0A23358B8
$BC8,0
4 15 NULL
4 16 113
4 17 1
4 18 [2][3]
$C06E99774AC61B02,C091CB3A8CC6A7E6,BFC3333333333332
$C06E99774AC61AF8,C091C84278803CCF,BD61E77F
3 3 ->
4 4 34
4 5 113
4 6 4
4 7 0
4 8 [2][2]
$0,0
$3FC3333333339667,3FE7C0A23358B8
4 9 ->
5 10 [4][3]
$0,0,BFF
$0,3FF,0
$3FF,8,0
$C06E25593681D891,C091CB3A8CC6A7E6,BFC3333333333333
4 11 ->
5 12 115
5 13 1
5 14 [2][2]
$0,0
$3FC3333333339667,3FE7C0A23358B8
4 15 NULL
4 16 117
4 17 1
4 18 [2][3]
$C06E25593681D8A7,C091CB3A8CC6A7E6,BFC3333333333333
$C06E25593681D888,C091C84278803CCF,3D68CCED0101B3E6
3 3 ->
4 4 34
4 5 117
4 6 4
4 7 0
4 8 [2][2]
$BF86E3668253AA1D,BFFDFB34462CDCFE
$3FFDFB34462C90D4,3F86E36683627EFA
4 9 ->
5 10 [4][3]
$BFF,0,0
$0,3FF,0
$8,0,BFF
$C06E4240FA593766,C091C5D1A16D379,BFC33352A8431D2C
4 11 ->
5 12 119
5 13 1
5 14 [2][2]
$BF86E3668253AA1D,BFFDFB34462CDCFE
$3FFDFB34462C90D4,3F86E36683627EFA
4 15 NULL
4 16 121
4 17 1
4 18 [2][3]
$C06E7DDBD54B88DD,C091CD44FCCB81D,BFC33352A8578001
$C06E4240FA5935C3,C091C5D1A16D36D5,BFC33352A8577FFF
3 3 ->
4 4 34
4 5 121
4 6 4
4 7 0
4 8 [2][2]
$BFF132BC8A4BA769,BF78D59B2CEBC4DD
$3D346E7FFFFFFFF,3FF02B11069FF38
4 9 ->
5 10 [4][3]
$0,3FF,0
$8,0,3FF
$3FF,8,0
$C06E2C8AA72D6ABC,C091C50B4EF26AE6,3D6C870000000002
4 11 ->
5 12 95
5 13 1
5 14 [2][2]
$BFF132BC8A4BA769,BF78D59B2CEBC4DD
$3D346E7FFFFFFFF,3FF02B11069FF38
4 15 NULL
4 16 123
4 17 1
4 18 [2][3]
$C06E2C8B7F58CDCD,C091C50B69F7D751,BFF133289FFD422A
$C06E0C33ACF4C77E,C091C50B33ECFE7A,3F1B056C6A9EB19A
3 3 ->
4 4 34
4 5 123
4 6 4
4 7 0
4 8 [2][2]
$0,C001999999999A
$3FD13F19D1E572,3D5
4 9 ->
5 10 [4][3]
$BFF,0,0
$0,3FF,0
$8,0,BFF
$C06E23EB1A4477EB,C091C50B4EF26AE6,BFC33352A8431D2C
4 11 ->
5 12 125
5 13 1
5 14 [2][2]
$0,C001999999999A
$3FD13F19D1E572,3D5
4 15 NULL
4 16 127
4 17 1
4 18 [2][3]
$C06E2C8B7F58CDD1,C091CDD836C4A419,BFC336B355CFF408
$C06E23EAE5D6B215,C091C50B33ECFE7E,BFC32FF1FAB64FEE
3 3 ->
4 4 34
4 5 127
4 6 4
4 7 0
4 8 [2][2]
$BD3446800000002,BF78D59B2CF1CE15
$3FF132BC8A4CA6C9,3FF02B11069FF38
4 9 ->
5 10 [4][3]
$0,3FF,0
$8,0,BFF
$BFF,0,0
$C06E2C8AA72D6ABC,C091CDD81BBF37B3,3D6C8BFFFFFFFFFC
4 11 ->
5 12 57
5 13 1
5 14 [2][2]
$BD3446800000002,BF78D59B2CF1CE15
$3FF132BC8A4CA6C9,3FF02B11069FF38
4 15 NULL
4 16 129
4 17 1
4 18 [2][3]
$C06E2C8B7F58CDD1,C091CDD836C4A41E,BFF133289FFD422A
$C06E0C33ACF4C77E,C091CDD800B9CB47,3F1B056C6F13F1A4
3 3 ->
4 4 34
4 5 129
4 6 4
4 7 0
4 8 [2][2]
$3D55A2A00000000A,0
$3FF132BC8A4BA239,3FF043E6A1CCE5CF
4 9 ->
5 10 [4][3]
$0,3FF,0
$8,0,BFF
$BFF,0,0
$C06EB29BFC27C947,C091CDD81BBF37B3,3D6A068000000005
4 11 ->
5 12 131
5 13 1
5 14 [2][2]
$3D55A2A00000000A,0
$3FF132BC8A4BA239,3FF043E6A1CCE5CF
4 15 NULL
4 16 133
4 17 1
4 18 [2][3]
$C06EB29CD4532C56,C091CDD836C4A41D,BFF133289FFD1A4F
$C06E924501EF2663,C091CDD800B9CB48,3F1B056C67C45D8D
3 3 ->
4 4 34
4 5 133
4 6 4
4 7 0
4 8 [2][2]
$BD38,C001999999999A
$3FD13F19D1E49A,3D5
4 9 ->
5 10 [4][3]
$BFF,0,0
$0,3FF,0
$8,0,BFF
$C06E9245DA1A8979,C091C50B4EF26AE6,BFC33352A8431D2C
4 11 ->
5 12 135
5 13 1
5 14 [2][2]
$BD38,C001999999999A
$3FD13F19D1E49A,3D5
4 15 NULL
4 16 137
4 17 1
4 18 [2][3]
$C06E9AE59B71419C,C091CDD836C4A416,BFC336B355CFED45
$C06E924501EF2642,C091C50B33ECFE7E,BFC32FF1FAB64B6A
3 3 ->
4 4 34
4 5 137
4 6 4
4 7 0
4 8 [2][2]
$BFF132BC8A4BA237,0
$BD55999FFFFFFFFC,3FF043E6A1CCE65
4 9 ->
5 10 [4][3]
$0,3FF,0
$8,0,3FF
$3FF,8,0
$C06EB29BFC27C947,C091C50B4EF26AE6,3D6A01FFFFFFFFFE
4 11 ->
5 12 53
5 13 1
5 14 [2][2]
$BFF132BC8A4BA237,0
$BD55999FFFFFFFFC,3FF043E6A1CCE65
4 15 NULL
4 16 139
4 17 1
4 18 [2][3]
$C06EB29CD4532C7B,C091C50B69F7D756,BFF133289FFD1A4F
$C06E924501EF2642,C091C50B33ECFE75,3F1B056C6C2C2D82
3 3 ->
4 4 36
4 5 139
4 6 4
4 7 0
4 8 [2][2]
$3FFDC4BC7280A4E3,3C707EFE4C192C18
$400921FB54442D18,3FC333333332B865
4 19 ->
5 20 [4][3]
$3FF,397C6E60403E5AD2,BCB76FA3EA0CC035
$B946C08850AB4E91,3FF,3CB177F22CEDE0F5
$3CB76FA3EA0CC035,BCB177F22CEDE0F5,3FF
$C06E8FDDA171F9EA,C091C84278803CCF,BFC333333333332F
5 21 3FD33352A8422728
4 11 ->
5 12 111
5 13 1
5 14 [2][2]
$3FFDC4BC7280A4E3,3C707EFE4C192C18
$400921FB54442D18,3FC333333332B865
4 15 NULL
4 16 141
4 17 -1
4 18 [2][3]
$C06E99774AC61AFD,C091C84278803CCF,BFC3333333333332
$C06E929BC7BA034D,C091C71C114B54D3,BD6EB397D1BC6E6
3 3 ->
4 4 34
4 5 141
4 6 4
4 7 0
4 8 [2][2]
$3D38,BF802FC6B9013439
$3FCB6E0C305F2,3FF533EA4E5E2668
4 9 ->
5 10 [4][3]
$3FF,8,0
$0,3FF,0
$8,0,3FF
$C06E99774AC61B15,C091CC60F3FB8FD9,BFC3333333333333
4 11 ->
5 12 143
5 13 1
5 14 [2][2]
$3D38,BF802FC6B9013439
$3FCB6E0C305F2,3FF533EA4E5E2668
4 15 NULL
4 16 145
4 17 1
4 18 [2][3]
$C06E99774AC61B12,C091CC60F3FB8FD6,BFC3333333333332
$C06E929BC7BA034D,C091C71C114B54D3,BFC333333333333
3 3 ->
4 4 36
4 5 145
4 6 4
4 7 0
4 8 [2][2]
$400921FB54442D18,3C8
$4011B0CC37A3FF24,3FC333333332EB95
4 19 ->
5 20 [4][3]
$3FF,0,0
$0,3FF,0
$0,0,3FF
$C06E8FDDA171FA15,C091CB3A8CC6A7E6,BFC3333333333333
5 21 3FD33352A841FA3C
4 11 ->
5 12 147
5 13 1
5 14 [2][2]
$400921FB54442D18,3C8
$4011B0CC37A3FF24,3FC333333332EB95
4 15 NULL
4 16 149
4 17 -1
4 18 [2][3]
$C06E99774AC61B12,C091CC60F3FB8FD6,BFC3333333333332
$C06E929BC7BA034D,C091CB3A8CC6A7E6,BD61E77F
3 3 ->
4 4 36
4 5 149
4 6 4
4 7 0
4 8 [2][2]
$4014022CC6C22772,0
$401921FB54442D18,3FC3333333339666
4 19 ->
5 20 [4][3]
$3FF,0,0
$0,3FF,0
$0,0,3FF
$C06E2EF2DFD5F984,C091CB3A8CC6A7E6,BFC3333333333333
5 21 3FD33352A8420BD
4 11 ->
5 12 115
5 13 1
5 14 [2][2]
$4014022CC6C22772,0
$401921FB54442D18,3FC3333333339666
4 15 NULL
4 16 151
4 17 -1
4 18 [2][3]
$C06E2C34B98DF09,C091CC60F3FB8FD9,BFC3333333333333
$C06E25593681D87E,C091CB3A8CC6A7E6,3D68CCC71FF58C3
3 3 ->
4 4 34
4 5 151
4 6 4
4 7 0
4 8 [2][2]
$0,BF802FC6B9053A5E
$3FCB6E0C305FF8,3FF533EA4E5E2675
4 9 ->
5 10 [4][3]
$3FF,8,0
$0,3FF,0
$8,0,3FF
$C06E2C34B98DF07C,C091CC60F3FB8FD9,BFC3333333333333
4 11 ->
5 12 153
5 13 1
5 14 [2][2]
$0,BF802FC6B9053A5E
$3FCB6E0C305FF8,3FF533EA4E5E2675
4 15 NULL
4 16 155
4 17 1
4 18 [2][3]
$C06E2C34B98DF07C,C091CC60F3FB8FD8,BFC3333333333333
$C06E25593681D87E,C091C71C114B54D3,BFC3333333333331
3 3 ->
4 4 36
4 5 155
4 6 4
4 7 0
4 8 [2][2]
$0,3C707EFE4C1A23EC
$3FF47F3A3607E86A,3FC3333333339667
4 19 ->
5 20 [4][3]
$3FF,B97C6E60403E6258,3CB76FA3EA0CC574
$3946C08850AB11F3,3FF,3CB177F22CEDE75B
$BCB76FA3EA0CC574,BCB177F22CEDE75B,3FF
$C06E2EF2DFD5F9BF,C091C84278803CCF,BFC333333333332F
5 21 3FD33352A842291C
4 11 ->
5 12 157
5 13 1
5 14 [2][2]
$0,3C707EFE4C1A23EC
$3FF47F3A3607E86A,3FC3333333339667
4 15 NULL
4 16 159
4 17 -1
4 18 [2][3]
$C06E2C34B98DF09,C091C84278803CCF,BFC3333333333332
$C06E25593681D89E,C091C71C114B54D2,3D68CD183C3820A
3 3 ->
4 4 37
4 5 159
4 6 4
4 7 0
4 8 [2][2]
$400921FB54442D4D,400368D5A9C88E1E
$401921FB54442CFD,4009026D4C105E1F
@srf_prim_ptr(cone) 22 0
4 22 ->
@local_sys 23 2
5 23 [4][3]
$0,3FF,0
$3FF,8,BC8A0A8000406D83
$0,0,BFF
$C06E600E67D25CF1,C091C98B4F1C5C53,400235A07F43161F
@half_angle 24 2
5 24 3FD7750CB513604C
4 11 ->
5 12 119
5 13 1
5 14 [2][2]
$400921FB54442D4D,400368D5A9C88E1E
$401921FB54442CFD,4009026D4C105E1F
4 15 NULL
4 16 161
4 17 -1
4 18 [2][3]
$C06E86750D22EC05,C091CE5823C66E35,BFEB333333352
$C06E600E67D25CF2,C091C4BE7A724A7,BFC33352A8577FFF
3 3 ->
4 4 37
4 5 161
4 6 4
4 7 0
4 8 [2][2]
$BD1E,400368D5A9C99062
$400921FB54442D5C,4009026D4C116062
4 22 ->
5 23 [4][3]
$0,3FF,0
$3FF,8,BC8A0A80004D02A6
$0,0,BFF
$C06E600E67D25CF1,C091C98B4F1C5C53,400235A07F441862
5 24 3FD7750CB50EDB7A
4 11 ->
5 12 163
5 13 1
5 14 [2][2]
$BD1E,400368D5A9C99062
$400921FB54442D5C,4009026D4C116062
4 15 NULL
4 16 165
4 17 -1
4 18 [2][3]
$C06E600E67D25CF2,C091CE5823C66D63,BFEB333333352
$C06E39A7C281D46B,C091C4BE7A724AE2,BFC33352A8577FFF
3 3 ->
4 4 34
4 5 165
4 6 4
4 7 0
4 8 [2][2]
$BFEB443413A48DB,C004CCEEE0F3CC
$3DA64E97904F3645,3AA28D6313C6617B
4 9 ->
5 10 [4][3]
$BFB1DB8F6D6A4EDE,3CF880669F966B4C,3FEFEC0B7170FFFC
$0,3FF,BCF88FB7A9E73D5D
$BFEFEC0B7170FFFC,BCBB69BE72DB0135,BFB1DB8F6D6A4EDE
$C06E2E1BA3A28BCD,C091C45813641F5E,BFEB333333333345
4 11 ->
5 12 167
5 13 1
5 14 [2][2]
$BFEB443413A48DB,C004CCEEE0F3CC
$3DA64E97904F3645,3AA28D6313C6617B
4 15 NULL
4 16 169
4 17 1
4 18 [2][3]
$C06E2E1C7CDFA588,C091CEBEA5DA1065,BFEB340C90B0077E
$C06E2C33E1623839,C091C457F85EAAB,3F1B0576662C05D2
3 3 ->
4 4 34
4 5 169
4 6 4
4 7 0
4 8 [2][2]
$BFEB443413A5698E,C00599BCFD4BF8
$BD5227F5158ED512,39F11A
4 9 ->
5 10 [4][3]
$BFB1DB8F6D6A4FE1,3CCCDE0607C2AB1F,BFEFEC0B7170FFF9
$0,3FF,3CCCF011B9BAB9AB
$3FEFEC0B7170FFF9,3C90261617BB5E5B,BFB1DB8F6D6A4FE1
$C06E929BC7BA037,C091C45813641F5E,BCAB966F3D03FF35
4 11 ->
5 12 171
5 13 1
5 14 [2][2]
$BFEB443413A5698E,C00599BCFD4BF8
$BD5227F5158ED512,39F11A
4 15 NULL
4 16 173
4 17 1
4 18 [2][3]
$C06E929C9FE582ED,C091CF250CE831E4,BFEB340B5E96B148
$C06E90B4057A04C3,C091C457F85EAF65,3F1B057036A1F53E
3 3 ->
4 4 34
4 5 173
4 6 4
4 7 0
4 8 [2][2]
$3C8,3D68
$3FC333333332EB95,3FF5138AC0EC18
4 9 ->
5 10 [4][3]
$0,0,BFF
$0,3FF,0
$3FF,8,0
$C06E929BC7BA034D,C091CC60F3FB8FD9,BFC3333333333333
4 11 ->
5 12 147
5 13 1
5 14 [2][2]
$3C8,3D68
$3FC333333332EB95,3FF5138AC0EC18
4 15 NULL
4 16 175
4 17 1
4 18 [2][3]
$C06E929BC7BA0356,C091CC60F3FB8FD6,BFC3333333333332
$C06E929BC7BA034D,C091C71C114B54D3,BD61E77F
3 3 ->
4 4 34
4 5 175
4 6 4
4 7 0
4 8 [2][2]
$BFE75A3C3D2B2335,BE407BE6E6CC
$3F71D3B286E99BB2,3FC9D1057AED3392
4 9 ->
5 10 [4][3]
$3FE6A09E667F3E02,BFA941299B45CFD7,3FE692821AECB474
$3FE6A09E667F3997,3FA941299B45D4C6,BFE692821AECB8DC
$0,3FEFEC0B717100DC,3FB1DB8F6D69EAC8
$C06E2D580E23553E,C091CCF345F3E233,BFEB3333333342ED
4 11 ->
5 12 177
5 13 1
5 14 [2][2]
$BFE75A3C3D2B2335,BE407BE6E6CC
$3F71D3B286E99BB2,3FC9D1057AED3392
4 15 NULL
4 16 179
4 17 1
4 18 [2][3]
$C06E3E13F33F8CC4,C091CEF681D4D5E1,BFEB340C90B0077E
$C06E2DA83869573F,C091CCE90A70697E,BFE4CBF39579659A
3 3 ->
4 4 34
4 5 179
4 6 4
4 7 0
4 8 [2][2]
$BFE06A09576C44,BDFEF4
$3F693654BC1B51EC,3FE08340201C1414
4 9 ->
5 10 [4][3]
$BFF,0,0
$0,3FF,0
$8,0,BFF
$C06E3E131B083999,C091CEF666CDFA53,BFE4CCCCCCCCCCC4
4 11 ->
5 12 181
5 13 1
5 14 [2][2]
$BFE06A09576C44,BDFEF4
$3F693654BC1B51EC,3FE08340201C1414
4 15 NULL
4 16 183
4 17 1
4 18 [2][3]
$C06E3E13F33F8CC4,C091CEF681D4D5E1,BFE4CDA5FE079B3A
$C06E2DA83869573F,C091CCE90A70697E,BFE4CBF39579659A
3 3 ->
4 4 37
4 5 183
4 6 4
4 7 0
4 8 [2][2]
$4012D97C7F32F648,3FE8F69942C9E47D
$401921FB54442D18,3FF6E1B307CBDCB
4 22 ->
5 23 [4][3]
$3FF,8,0
$0,3FF,8
$0,0,3FF
$C06E2F67F1FF5135,C091CEBE8AD49944,BFF6E1B307CBDA3F
5 24 3FB1DF46A24BCDEE
4 11 ->
5 12 185
5 13 1
5 14 [2][2]
$4012D97C7F32F648,3FE8F69942C9E47D
$401921FB54442D18,3FF6E1B307CBDCB
4 15 NULL
4 16 187
4 17 1
4 18 [2][3]
$C06E2F68CA2AB581,C091CF250CE831E6,BFE4CD013A93A638
$C06E2C33E1623839,C091CEBE6FCF2223,3F1B0576662C05D2
3 3 ->
4 4 34
4 5 187
4 6 4
4 7 0
4 8 [2][2]
$BFC3333333339667,BFF5138AC0ECA4
$0,BDA1
4 9 ->
5 10 [4][3]
$0,0,3FF
$0,3FF,8
$BFF,0,0
$C06E2C34B98DF07C,C091C71C114B54B,BFC3333333333333
4 11 ->
5 12 157
5 13 1
5 14 [2][2]
$BFC3333333339667,BFF5138AC0ECA4
$0,BDA1
4 15 NULL
4 16 189
4 17 1
4 18 [2][3]
$C06E2C34B98DF09,C091CC60F3FB8FD9,BFC3333333333333
$C06E2C34B98DF07C,C091C71C114B54D2,3D68CD183C3820A
3 3 ->
4 4 37
4 5 189
4 6 4
4 7 0
4 8 [2][2]
$3FF921FB54442C1C,3FE29032DC73D8D
$400921FB5443E999,3FF6E1B307D43ECD
4 22 ->
5 23 [4][3]
$BCA99F52FE5CD91A,3FF,BCE423553CE902E7
$BFF,BCA99F52FE5CDA3B,BCE812FE1053C015
$BCECABD210149E38,3CE423553CE902E6,3FF
$C06E2F67F1FF5158,C091C45813641F5E,BFF6E1B307D43ED
5 24 3FB1DF46A24DDDC4
4 11 ->
5 12 191
5 13 1
5 14 [2][2]
$3FF921FB54442C1C,3FE29032DC73D8D
$400921FB5443E999,3FF6E1B307D43ECD
4 15 NULL
4 16 193
4 17 1
4 18 [2][3]
$C06E2F68CA2AB507,C091C4582E69940C,BFEB3367A0FA7B05
$C06E2C33E1624B3B,C091C3F1915086D,3F1B05746F5552D
3 3 ->
4 4 34
4 5 193
4 6 4
4 7 0
4 8 [2][2]
$3E9E70932,3D7
$4008A64EBD98944,400573160F56D2
4 9 ->
5 10 [4][3]
$BFF,0,0
$0,3FF,0
$8,0,BFF
$C06E2E1BA2AF0651,C091CEE814A031F9,BFEB333333333333
4 11 ->
5 12 195
5 13 1
5 14 [2][2]
$3E9E70932,3D7
$4008A64EBD98944,400573160F56D2
4 15 ->
5 12 197
5 13 -1
5 14 [2][2]
$3E9E70932,3D7
$4008A64EBD98944,400573160F56D2
4 15 NULL
4 16 199
4 17 1
4 18 [2][3]
$C06E90B5B5D0CBC2,C091CEE82FA59E64,BFEB340C90B0077E
$C06E2E1ACA276983,C091C42E89988691,BFEB3259D87403F2
3 3 ->
4 4 37
4 5 199
4 6 4
4 7 0
4 8 [2][2]
$400921FB54442CE9,3FE29032DC68C3AF
$4012D97C7F332211,3FF6E1B307CE76A3
4 22 ->
5 23 [4][3]
$BC883C7AE515F76B,3FF,3CD20D8EE046E575
$BFF,BC883C7AE515F565,BCE812FE10553385
$BCECABD2100E29E8,BCD20D8EE046E576,3FF
$C06E8F688F48A2B8,C091C45813641F5E,BFF6E1B307CE76A4
5 24 3FB1DF46A251E562
4 11 ->
5 12 195
5 13 1
5 14 [2][2]
$400921FB54442CE9,3FE29032DC68C3AF
$4012D97C7F332211,3FF6E1B307CE76A3
4 15 NULL
4 16 201
4 17 1
4 18 [2][3]
$C06E929C9FE582ED,C091C4582E698F58,BFEB3367A0F9FFD4
$C06E8F67B71D3D84,C091C3F1915086A4,3F1B057036A1F53E
3 3 ->
4 4 34
4 5 201
4 6 4
4 7 0
4 8 [2][2]
$BFE4D9CD786ED1D6,C00599BCFD4BF8
$3D989A1CF0AAAE86,3A48D8E
4 9 ->
5 10 [4][3]
$3FB1DB8F6D6A51D,BCD326EAE42D82CC,BFEFEC0B7170FFF5
$0,3FF,BCD332E3D504D461
$3FEFEC0B7170FFF5,3C956D86BAE75709,3FB1DB8F6D6A51D
$C06E91276F13AACB,C091C45813641F5E,3FE4CCCCCCCCCC1
4 11 ->
5 12 203
5 13 1
5 14 [2][2]
$BFE4D9CD786ED1D6,C00599BCFD4BF8
$3D989A1CF0AAAE86,3A48D8E
4 15 NULL
4 16 205
4 17 1
4 18 [2][3]
$C06E929C9FE582ED,C091CF250CE831E4,BF1B056FBD857F29
$C06E912696E84796,C091C457F85EAF65,3FE4CDA4F8300231
3 3 ->
4 4 34
4 5 205
4 6 4
4 7 0
4 8 [2][2]
$BD437350E1D8AB07,3D1FFFFFFFFFEA14
$3FEB443413A46D84,4008CCF56EAC8C82
4 9 ->
5 10 [4][3]
$0,3FF0000000000001,3D158E4C30A90BBE
$3FB1DB8F6D6A0A26,3D1580DAF65F6EBF,BFEFEC0B71710096
$BFEFEC0B71710096,3CD80EFDE1BEDCA2,BFB1DB8F6D6A0A26
$C06E929BC7BA037,C091CF24F1E2C556,3CAB16EBEFC43909
4 11 ->
5 12 207
5 13 1
5 14 [2][2]
$BD437350E1D8AB07,3D1FFFFFFFFFEA14
$3FEB443413A46D84,4008CCF56EAC8C82
4 15 NULL
4 16 209
4 17 1
4 18 [2][3]
$C06E929C9FE567A8,C091CF250CE831E6,BFEB340B5E96B148
$C06E2F6719D3ECFF,C091CEE7F99AC583,3F1B056C8814A0D
3 3 ->
4 4 37
4 5 209
4 6 4
4 7 0
4 8 [2][2]
$400921FB54442D18,3FE8F69942BCFA14
$4012D97C7F333672,3FF6E1B307C525B4
4 22 ->
5 23 [4][3]
$BFF,0,0
$0,3FF,0
$0,0,BFF
$C06E2F67F1FF5135,C091CEBE8AD49944,3FF6E1B307C52449
5 24 3FB1DF46A257C3E
4 11 ->
5 12 211
5 13 1
5 14 [2][2]
$400921FB54442D18,3FE8F69942BCFA14
$4012D97C7F333672,3FF6E1B307C525B4
4 15 NULL
4 16 213
4 17 1
4 18 [2][3]
$C06E2F68CA2AB581,C091CF250CE831E6,BF1B0577DAB78FEB
$C06E2C33E1623839,C091CEBE6FCF2223,3FE4CD013A9324B7
3 3 ->
4 4 34
4 5 213
4 6 4
4 7 0
4 8 [2][2]
$BFE4D9CD786FB2BB,C004CCEEE0F3CC
$BD47679D1218FDCE,BA146A1B0C8DFAB6
4 9 ->
5 10 [4][3]
$3FB1DB8F6D6A4C99,BCDCDA7E84BF38BB,3FEFEC0B71710001
$0,3FF,3CDCEC8801E845B7
$BFEFEC0B71710001,BCA0241CA7B5FF31,3FB1DB8F6D6A4C99
$C06E2C34B98DF0A2,C091C45813641F5E,BD4387B97A4E1763
4 11 ->
5 12 215
5 13 1
5 14 [2][2]
$BFE4D9CD786FB2BB,C004CCEEE0F3CC
$BD47679D1218FDCE,BA146A1B0C8DFAB6
4 15 NULL
4 16 217
4 17 1
4 18 [2][3]
$C06E2DA946A20F0F,C091CEBEA5DA1065,BF1B0577DAB78FEB
$C06E2C33E1623839,C091C457F85EAAB,3FE4CD013A93A636
3 3 ->
4 4 37
4 5 217
4 6 4
4 7 0
4 8 [2][2]
$3FF921FB54442D18,3FE8F69942BA6001
$400921FB54442D4D,3FF6E1B307C41924
4 22 ->
5 23 [4][3]
$BFF,BCA664C546A33D65,BCF0BFDC0B97AE13
$BCA664C546A33C64,3FF,BCE1E6F202922A5F
$3CECABD21004C371,BCE1E6F202922A5E,BFF
$C06E2F67F1FF513D,C091C45813641F5E,3FF6E1B307C418
5 24 3FB1DF46A257C3E
4 11 ->
5 12 219
5 13 1
5 14 [2][2]
$3FF921FB54442D18,3FE8F69942BA6001
$400921FB54442D4D,3FF6E1B307C41924
4 15 NULL
4 16 221
4 17 1
4 18 [2][3]
$C06E2F68CA2AB507,C091C4582E69940C,BF1B0574EC44B634
$C06E2C33E1624B3B,C091C3F1915086D,3FE4CD013A93A636
3 3 ->
4 4 34
4 5 221
4 6 4
4 7 0
4 8 [2][2]
$BD9F68CAF0717A9B,3D5400000000013F
$3FEB443413A468E,40080027525468C2
4 9 ->
5 10 [4][3]
$0,3FF0000000000001,3D049AE439830631
$3FB1DB8F6D6A0FB4,BD048E0AC929414C,3FEFEC0B7171008A
$3FEFEC0B7171008A,3CC6FF53462DF325,BFB1DB8F6D6A0FB4
$C06E8F688F48A2DC,C091C42E899886A8,BFEB333333332E86
4 11 ->
5 12 223
5 13 1
5 14 [2][2]
$BD9F68CAF0717A9B,3D5400000000013F
$3FEB443413A468E,40080027525468C2
4 15 NULL
4 16 225
4 17 1
4 18 [2][3]
$C06E8F6967740814,C091C42E90263F65,BFEB3367A0F9FF83
$C06E2F6719D3ED6D,C091C3F1915086A4,3F1B056CA8AC887F
3 3 ->
4 4 37
4 5 225
4 6 4
4 7 0
4 8 [2][2]
$0,3FE8F69942B908E3
$3FF921FB54439A71,3FF6E1B307C34D36
4 22 ->
5 23 [4][3]
$BFF,0,0
$0,3FF,0
$0,0,BFF
$C06E8F688F48A2B2,C091C45813641F5E,3FF6E1B307C34C0B
5 24 3FB1DF46A257C3E
4 11 ->
5 12 227
5 13 1
5 14 [2][2]
$0,3FE8F69942B908E3
$3FF921FB54439A71,3FF6E1B307C34D36
4 15 NULL
4 16 229
4 17 1
4 18 [2][3]
$C06E929C9FE582ED,C091C4582E698F58,BF1B056FBD857F29
$C06E8F67B71D3D84,C091C3F1915086A4,3FE4CD013A936569
3 3 ->
4 4 34
4 5 229
4 6 4
4 7 0
4 8 [2][2]
$3D718,0
$3FE4F8F93C185,4005AC5EC677FC
4 9 ->
5 10 [4][3]
$3FF,8,0
$0,3FF,0
$8,0,3FF
$C06E91276F13AAEE,C091CEF666CDFA53,3FE4CCCCCCCCCCC4
4 11 ->
5 12 231
5 13 1
5 14 [2][2]
$3D718,0
$3FE4F8F93C185,4005AC5EC677FC
4 15 NULL
4 16 233
4 17 1
4 18 [2][3]
$C06E9128473F0E,C091CEF681D366B9,3FE4CBF4A168B543
$C06E7C2D9DAC2E86,C091C4201C6551D2,3FE4CDA4F830E541
3 3 ->
4 4 34
4 5 233
4 6 4
4 7 0
4 8 [2][2]
$BD8C5AD3C4219B7E,3D4800000000002A
$3FE4D9CD786ED13E,4008CCF56EAC8C8
4 9 ->
5 10 [4][3]
$0,3FF,BD1BD6BC36B4C64E
$BFB1DB8F6D69FC3,BD1BC55FF593DFA7,BFEFEC0B717100B5
$BFEFEC0B717100B5,3CDF122CB7DE502E,3FB1DB8F6D69FC3
$C06E929BC7BA037,C091CEF666CDFA53,3FE4CCCCCCCCDD44
4 11 ->
5 12 235
5 13 1
5 14 [2][2]
$BD8C5AD3C4219B7E,3D4800000000002A
$3FE4D9CD786ED13E,4008CCF56EAC8C8
4 15 NULL
4 16 237
4 17 1
4 18 [2][3]
$C06E929C9FE567A8,C091CF250CE831E6,BF1B056C89485FE9
$C06E2F6719D3ECFF,C091CEF64BC88DBD,3FE4CDA4F8314CD9
3 3 ->
4 4 34
4 5 237
4 6 4
4 7 0
4 8 [2][2]
$0,0
$3FE4F8F93C1816,4005AC5EC677F
4 9 ->
5 10 [4][3]
$3FF,8,0
$0,3FF,0
$8,0,3FF
$C06E42A20B70614F,C091CEF666CDFA53,3FE4CCCCCCCCCCC4
4 11 ->
5 12 219
5 13 1
5 14 [2][2]
$0,0
$3FE4F8F93C1816,4005AC5EC677F
4 15 NULL
4 16 239
4 17 1
4 18 [2][3]
$C06E42A2E39BC5BC,C091CEF681D366D8,3FE4CBF4A1687065
$C06E2DA9123448CF,C091C4201C6551FA,3FE4CDA4F8314CD9
3 3 ->
4 4 34
4 5 239
4 6 4
4 7 0
4 8 [2][2]
$BD328F8E3FADDBF4,3D53FFFFFFFFFFFE
$3FE4D9CD786F3414,40080027525468C
4 9 ->
5 10 [4][3]
$0,3FF,BD12807403E916B6
$BFB1DB8F6D6A08A1,3D1274EA592576,3FEFEC0B71710099
$3FEFEC0B71710099,3CD4A65F52AFC4D1,3FB1DB8F6D6A08A1
$C06E8F688F48A2DC,C091C3F1AC55F34B,BCC2C07EB8EF357C
4 11 ->
5 12 241
5 13 1
5 14 [2][2]
$BD328F8E3FADDBF4,3D53FFFFFFFFFFFE
$3FE4D9CD786F3414,40080027525468C
4 15 NULL
4 16 243
4 17 1
4 18 [2][3]
$C06E8F6967740814,C091C42052702AD8,BF1B056CA938E153
$C06E2F6719D3ED6D,C091C3F1915086A4,3FE4CDA4F830E541
3 3 ->
4 4 34
4 5 243
4 6 4
4 7 0
4 8 [2][2]
$0,C005AC5EC67802
$3FC332F449129888,0
4 9 ->
5 10 [4][3]
$0,0,BFF
$0,3FF,0
$3FF,8,0
$C06E7C2E75D7929E,C091C420376ABE4E,3FE4CCCCCCCCCCC4
4 11 ->
5 12 245
5 13 1
5 14 [2][2]
$0,C005AC5EC67802
$3FC332F449129888,0
4 15 NULL
4 16 247
4 17 1
4 18 [2][3]
$C06E7C2F4E02F6B7,C091CEF66D5BB30B,3FE4CBF4A168B543
$C06E7C2D9DAC2E86,C091C4201C6551D2,3FE999BE4CD7491E
3 3 ->
4 4 34
4 5 247
4 6 4
4 7 0
4 8 [2][2]
$BFFCC6353398A78,BFC332F449129864
$3D2,0
4 9 ->
5 10 [4][3]
$3FF,BAE1907F6FFFFEDF,3D83DFBFFFFFFFD8
$3D83DFBFFFFFFFD8,3D4C47FFFFFFFE67,BFF
$0,3FF,3D4C47FFFFFFFE67
$C06E42A20B70614F,C091CEF666CDFA27,3FE99989DF1172E6
4 11 ->
5 12 249
5 13 1
5 14 [2][2]
$BFFCC6353398A78,BFC332F449129864
$3D2,0
4 15 NULL
4 16 251
4 17 1
4 18 [2][3]
$C06E7C2EAA455874,C091CEF681D366D8,3FE4CBF4A1687065
$C06E42A13344FCE,C091CEF64BC88DBD,3FE999BE4CD7491E
3 3 ->
4 4 34
4 5 251
4 6 4
4 7 0
4 8 [2][2]
$BFC332F449129888,BD9C
$3D4ED8,4005AC5EC677B2
4 9 ->
5 10 [4][3]
$0,0,3FF
$0,3FF,8
$BFF,0,0
$C06E42A20B70614F,C091CEF666CDFA27,3FE4CCCCCCCCCCC4
4 11 ->
5 12 253
5 13 1
5 14 [2][2]
$BFC332F449129888,BD9C
$3D4ED8,4005AC5EC677B2
4 15 NULL
4 16 255
4 17 1
4 18 [2][3]
$C06E42A2E39BC5BC,C091CEF681D366D8,3FE4CBF4A1687065
$C06E42A13344FCE,C091C4201C6551FA,3FE999BE4CD7491E
3 3 ->
4 4 34
4 5 255
4 6 4
4 7 0
4 8 [2][2]
$BD4ED8,0
$3FC332F449129888,3FFCC6353398A8
4 9 ->
5 10 [4][3]
$0,3FF,0
$8,0,3FF
$3FF,8,0
$C06E7C2E75D7929E,C091C420376ABE4E,3FE4CCCCCCCCCCC4
4 11 ->
5 12 257
5 13 1
5 14 [2][2]
$BD4ED8,0
$3FC332F449129888,3FFCC6353398A8
4 15 NULL
4 16 259
4 17 1
4 18 [2][3]
$C06E7C2F4E02F6B7,C091C42052702AD8,3FE4CBF4A168B543
$C06E42A13344FE4,C091C4201C6551D2,3FE999BE4CD7491E
3 3 ->
4 4 34
4 5 259
4 6 4
4 7 0
4 8 [2][2]
$BFFCC6353398A78,BDA
$0,4005AC5EC677B2
4 9 ->
5 10 [4][3]
$3FF,8,0
$0,3FF,0
$8,0,3FF
$C06E42A20B70614F,C091CEF666CDFA27,3FE99989DF1172E6
4 11 ->
5 12 261
5 13 1
5 14 [2][2]
$BFFCC6353398A78,BDA
$0,4005AC5EC677B2
4 15 NULL
4 16 0
4 17 1
4 18 [2][3]
$C06E7C2E75D7929E,C091CEF666CDFA47,3FE99989DF1172E6
$C06E42A20B70614F,C091C420376ABE4E,3FE99989DF1172E6
@crv_array 25 0
2 25 [322]
3 25 ->
@crv_id 26 1
4 26 34
@feat_id 27 1
4 27 4
@type 28 1
4 28 0
@crv_pnt_dir 29 1
4 29 [2]
$1,-1
@crv_pnt_arr 30 2
4 30 [2][4]
$3FD8737AD2E6DC,0,3D3DFAB0C2CF4E3,3FD91F5611DB1
$3D728,0,3D3DFAB0C2CF4E3,3F857B67DE8FC
@crv_hdr_geom_ptr[0] 31 1
4 31 32
@crv_hdr_geom_ptr[1] 32 1
4 32 128
@next_crv_hdr_ptr[0] 33 1
4 33 216
@next_crv_hdr_ptr[1] 34 1
4 34 264
@ref_geom[0] 35 1
4 35 0
@ref_geom[1] 36 1
4 36 0
3 25 ->
4 26 33
4 27 4
4 28 0
4 29 [2]
$1,-1
4 30 [2][4]
$3FD8737AD2E6DC,0,3D3DFAB0C2CF4E3,3FD91F5611DB1
$3D728,0,3D3DFAB0C2CF4E3,3F857B67DE8FC
4 31 31
4 32 127
4 33 215
4 34 263
4 35 0
4 36 0
3 25 ->
4 26 266
4 27 4
4 28 0
4 29 [2]
$1,-1
4 30 [2][4]
$400921FB54442D18,4001999999999A,3FD8737AD2E6DC,0
$400921FB54442D18,0,3FD8737AD2E6DC,4001999999999A
4 31 40
4 32 32
4 33 268
4 34 34
4 35 0
4 36 0
3 25 ->
4 26 265
4 27 4
4 28 0
4 29 [2]
$1,-1
4 30 [2][4]
$400921FB54442D18,4001999999999A,3FD8737AD2E6DC,0
$400921FB54442D18,0,3FD8737AD2E6DC,4001999999999A
4 31 39
4 32 31
4 33 267
4 34 33
4 35 0
4 36 0
3 25 ->
4 26 270
4 27 4
4 28 0
4 29 [2]
$1,-1
4 30 [2][4]
$3D2,4001999999999A,BD3DD2B0C2CF4E6,3F857B67DE86C
$3FD8737AD2E6DC,4001999999999A,BD3DD2B0C2CF4E6,3FD91F5611DB1
4 31 32
4 32 122
4 33 266
4 34 272
4 35 0
4 36 0
3 25 ->
4 26 269
4 27 4
4 28 0
4 29 [2]
$1,-1
4 30 [2][4]
$3D2,4001999999999A,BD3DD2B0C2CF4E6,3F857B67DE86C
$3FD8737AD2E6DC,4001999999999A,BD3DD2B0C2CF4E6,3FD91F5611DB1
4 31 31
4 32 121
4 33 265
4 34 271
4 35 0
4 36 0
3 25 ->
4 26 274
4 27 4
4 28 0
4 29 [2]
$1,-1
4 30 [2][4]
$3D2,3FFAF029CF8B84,BD6D89D747D9F576,BFE61FEF39ABA
$3D2,4001999999999A,BD6D89524012D082,BFC66771C971
4 31 32
4 32 214
4 33 270
4 34 276
4 35 0
4 36 0
3 25 ->
4 26 273
4 27 4
4 28 0
4 29 [2]
$1,-1
4 30 [2][4]
$3D2,3FFAF029CF8B84,BD6D89D747D9F576,BFE61FEF39ABA
$3D2,4001999999999A,BD6D89524012D082,BFC66771C971
4 31 31
4 32 213
4 33 269
4 34 275
4 35 0
4 36 0
3 25 ->
4 26 278
4 27 4
4 28 0
4 29 [2]
$1,-1
4 30 [16][4]
$3FCB6E0C305FDC,3FF6568CFBEB9,0,3FC3333333339667
$3FCB5370A1C928,3FF6B0E66CFDAC,3FB2D6DD7DAAF75F,3FC3333333339667
$3FCAEBB028AEDC,3FF71E01379658,3FC4DE46AACA68D6,3FC3333333339665
$3FCA3662F37798,3FF78983CDA1C4,3FD0288F4B5F94FC,3FC3333333339666
$3FC934FC1006B8,3FF7F2922708C,3FD5E1FB4159E8B9,3FC3333333339666
$3FC7E98A4BB704,3FF8585541762C,3FDB9B67375490B3,3FC3333333339666
$3FC656B3FD31A,3FF8B9FCD8613C,3FE0AA6996A767FC,3FC3333333339666
$3FC47FB198222,3FF916C10F4BF8,3FE3871F91A4A0F5,3FC3333333339668
$3FC2684715E0F,3FF96DE40ACD04,3FE663D58CA1DDA5,3FC3333333339668
$3FC014BC4091A4,3FF9BEB3752014,3FE9408B879F1835,3FC3333333339666
$3FBB13A7E0F52,3FFA0889EB218,3FEC1D41829C3DB2,3FC3333333339666
$3FB599849B0778,3FFA4AD04ECA34,3FEEF9F77D997C38,3FC3333333339666
$3FAF8C88A33A2,3FFA84FEFC76D8,3FF0EB56BC4B5466,3FC3333333339666
$3FA34BA610C6A,3FFAB69EE081D8,3FF259B1B9C9ED36,3FC3333333339665
$3F8A25D5F13B,3FFADF4A6AF794,3FF3C80CB74887A4,3FC3333333339665
$BD3,3FFAF029CF8B58,3FF47F3A3607D51D,3FC3333333339667
4 31 32
4 32 156
4 33 274
4 34 280
4 35 0
4 36 0
3 25 ->
4 26 277
4 27 4
4 28 0
4 29 [2]
$1,-1
4 30 [16][4]
$3FCB6E0C305FDC,3FF6568CFBEB9,0,3FC3333333339667
$3FCB5370A1C928,3FF6B0E66CFDAC,3FB2D6DD7DAAF75F,3FC3333333339667
$3FCAEBB028AEDC,3FF71E01379658,3FC4DE46AACA68D6,3FC3333333339665
$3FCA3662F37798,3FF78983CDA1C4,3FD0288F4B5F94FC,3FC3333333339666
$3FC934FC1006B8,3FF7F2922708C,3FD5E1FB4159E8B9,3FC3333333339666
$3FC7E98A4BB704,3FF8585541762C,3FDB9B67375490B3,3FC3333333339666
$3FC656B3FD31A,3FF8B9FCD8613C,3FE0AA6996A767FC,3FC3333333339666
$3FC47FB198222,3FF916C10F4BF8,3FE3871F91A4A0F5,3FC3333333339668
$3FC2684715E0F,3FF96DE40ACD04,3FE663D58CA1DDA5,3FC3333333339668
$3FC014BC4091A4,3FF9BEB3752014,3FE9408B879F1835,3FC3333333339666
$3FBB13A7E0F52,3FFA0889EB218,3FEC1D41829C3DB2,3FC3333333339666
$3FB599849B0778,3FFA4AD04ECA34,3FEEF9F77D997C38,3FC3333333339666
$3FAF8C88A33A2,3FFA84FEFC76D8,3FF0EB56BC4B5466,3FC3333333339666
$3FA34BA610C6A,3FFAB69EE081D8,3FF259B1B9C9ED36,3FC3333333339665
$3F8A25D5F13B,3FFADF4A6AF794,3FF3C80CB74887A4,3FC3333333339665
$BD3,3FFAF029CF8B58,3FF47F3A3607D51D,3FC3333333339667
4 31 31
4 32 155
4 33 273
4 34 279
4 35 0
4 36 0
3 25 ->
4 26 282
4 27 4
4 28 0
4 29 [2]
$1,-1
4 30 [2][4]
$3FCB6E0C305FFC,3FE4EC77C47E68,3FC3333333339666,0
$3FCB6E0C305FFC,3FF6568CFBEB9,3FC3333333339666,3FE7C0A23358B8
4 31 32
4 32 114
4 33 278
4 34 116
4 35 0
4 36 0
3 25 ->
4 26 281
4 27 4
4 28 0
4 29 [2]
$1,-1
4 30 [2][4]
$3FCB6E0C305FFC,3FE4EC77C47E68,3FC3333333339666,0
$3FCB6E0C305FFC,3FF6568CFBEB9,3FC3333333339666,3FE7C0A23358B8
4 31 31
4 32 113
4 33 277
4 34 115
4 35 0
4 36 0
3 25 ->
4 26 284
4 27 4
4 28 0
4 29 [2]
$1,-1
4 30 [16][4]
$3D62,3FD7727C3A7DA,4014022CC6C22799,3FC3333333339666
$3F95688913C28,3FD7E67C373,40144D883CB8E10C,3FC3333333339666
$3FA74F8770FA2,3FD894E209C93,4014A91EFC1887CD,3FC3333333339666
$3FB1B0A254CDA,3FD9669DFFE16,401504B5BB782F65,3FC3333333339666
$3FB7686459BAB8,3FDA5A02DAC9E,4015604C7AD7D4B4,3FC3333333339666
$3FBCC3560833A,3FDB6D1E78614,4015BBE33A377C7E,3FC3333333339666
$3FC0DB40CAB04C,3FDC9DBDCE8F5,40161779F997235E,3FC3333333339666
$3FC31BE2CC811C,3FDDE9716B985,40167310B8F6C8B8,3FC3333333339666
$3FC51EF4E4928,3FDF4D92721,4016CEA7785671A7,3FC3333333339666
$3FC6E058EC5D54,3FE063A4031C88,40172A3E37B615EE,3FC3333333339666
$3FC85C77293D4,3FE129C690DB48,401785D4F715BE2E,3FC3333333339666
$3FC99045A6C53,3FE1F79B60D058,4017E16BB67565FF,3FC3333333339666
$3FCA794E6EEB6C,3FE2CB7D312C48,40183D0275D50915,3FC3333333339666
$3FCB15B4935328,3FE3A3BA5DEAC,401898993534B21F,3FC3333333339666
$3FCB6437FD644,3FE47E985850E,4018F42FF4945AA1,3FC3333333339666
$3FCB6E0C30609,3FE4EC77C47E68,401921FB54442D18,3FC3333333339666
4 31 32
4 32 150
4 33 282
4 34 286
4 35 0
4 36 0
3 25 ->
4 26 283
4 27 4
4 28 0
4 29 [2]
$1,-1
4 30 [16][4]
$3D62,3FD7727C3A7DA,4014022CC6C22799,3FC3333333339666
$3F95688913C28,3FD7E67C373,40144D883CB8E10C,3FC3333333339666
$3FA74F8770FA2,3FD894E209C93,4014A91EFC1887CD,3FC3333333339666
$3FB1B0A254CDA,3FD9669DFFE16,401504B5BB782F65,3FC3333333339666
$3FB7686459BAB8,3FDA5A02DAC9E,4015604C7AD7D4B4,3FC3333333339666
$3FBCC3560833A,3FDB6D1E78614,4015BBE33A377C7E,3FC3333333339666
$3FC0DB40CAB04C,3FDC9DBDCE8F5,40161779F997235E,3FC3333333339666
$3FC31BE2CC811C,3FDDE9716B985,40167310B8F6C8B8,3FC3333333339666
$3FC51EF4E4928,3FDF4D92721,4016CEA7785671A7,3FC3333333339666
$3FC6E058EC5D54,3FE063A4031C88,40172A3E37B615EE,3FC3333333339666
$3FC85C77293D4,3FE129C690DB48,401785D4F715BE2E,3FC3333333339666
$3FC99045A6C53,3FE1F79B60D058,4017E16BB67565FF,3FC3333333339666
$3FCA794E6EEB6C,3FE2CB7D312C48,40183D0275D50915,3FC3333333339666
$3FCB15B4935328,3FE3A3BA5DEAC,401898993534B21F,3FC3333333339666
$3FCB6437FD644,3FE47E985850E,4018F42FF4945AA1,3FC3333333339666
$3FCB6E0C30609,3FE4EC77C47E68,401921FB54442D18,3FC3333333339666
4 31 31
4 32 149
4 33 281
4 34 285
4 35 0
4 36 0
3 25 ->
4 26 216
4 27 4
4 28 0
4 29 [2]
$1,-1
4 30 [2][4]
$3D728,0,BD6B0BC9AF252FC5,C0030010B630AA
$3D728,3FD7727C3A7DA,BD6B0B6B4C869D33,C00011C12EE0F6
4 31 32
4 32 214
4 33 284
4 34 288
4 35 0
4 36 0
3 25 ->
4 26 215
4 27 4
4 28 0
4 29 [2]
$1,-1
4 30 [2][4]
$3D728,0,BD6B0BC9AF252FC5,C0030010B630AA
$3D728,3FD7727C3A7DA,BD6B0B6B4C869D33,C00011C12EE0F6
4 31 31
4 32 213
4 33 283
4 34 287
4 35 0
4 36 0
3 25 ->
4 26 38
4 27 4
4 28 0
4 29 [2]
$1,-1
4 30 [2][4]
$0,4001999999999A,BD7C5AFF925654B,3FE3C677045246
$3FD8737AD2E78,4001999999999A,BD7C5AFF925654B,3FF0001A36E303
4 31 36
4 32 138
4 33 204
4 34 290
4 35 0
4 36 0
3 25 ->
4 26 37
4 27 4
4 28 0
4 29 [2]
$1,-1
4 30 [2][4]
$0,4001999999999A,BD7C5AFF925654B,3FE3C677045246
$3FD8737AD2E78,4001999999999A,BD7C5AFF925654B,3FF0001A36E303
4 31 35
4 32 137
4 33 203
4 34 289
4 35 0
4 36 0
3 25 ->
4 26 46
4 27 4
4 28 0
4 29 [2]
$1,-1
4 30 [2][4]
$400921FB54442D18,0,0,4001999999999A
$400921FB54442D18,4001999999999A,0,0
4 31 44
4 32 36
4 33 292
4 34 38
4 35 0
4 36 0
3 25 ->
4 26 45
4 27 4
4 28 0
4 29 [2]
$1,-1
4 30 [2][4]
$400921FB54442D18,0,0,4001999999999A
$400921FB54442D18,4001999999999A,0,0
4 31 43
4 32 35
4 33 291
4 34 37
4 35 0
4 36 0
3 25 ->
4 26 294
4 27 4
4 28 0
4 29 [2]
$1,-1
4 30 [2][4]
$3FD8737AD2E746,0,3D7C5D3F925654B4,3FF0001A36E2F48
$0,0,3D7C5D3F925654B4,3FE3C677045246
4 31 36
4 32 130
4 33 46
4 34 296
4 35 0
4 36 0
3 25 ->
4 26 293
4 27 4
4 28 0
4 29 [2]
$1,-1
4 30 [2][4]
$3FD8737AD2E746,0,3D7C5D3F925654B4,3FF0001A36E2F48
$0,0,3D7C5D3F925654B4,3FE3C677045246
4 31 35
4 32 129
4 33 45
4 34 295
4 35 0
4 36 0
3 25 ->
4 26 298
4 27 4
4 28 0
4 29 [2]
$1,-1
4 30 [2][4]
$3FD8737AD2E746,3FD7727C3A7DE,BFE4D9CD786ED04B,C00011C12EE0EE
$3FD8737AD2E746,0,BFE4D9CD786ED04B,C0030010B630AA
4 31 36
4 32 202
4 33 294
4 34 300
4 35 0
4 36 0
3 25 ->
4 26 297
4 27 4
4 28 0
4 29 [2]
$1,-1
4 30 [2][4]
$3FD8737AD2E746,3FD7727C3A7DE,BFE4D9CD786ED04B,C00011C12EE0EE
$3FD8737AD2E746,0,BFE4D9CD786ED04B,C0030010B630AA
4 31 35
4 32 201
4 33 293
4 34 299
4 35 0
4 36 0
3 25 ->
4 26 302
4 27 4
4 28 0
4 29 [2]
$1,-1
4 30 [16][4]
$3FC578E9756FBC,3FE4EC77C47E68,400921FB54442D18,3FC333333332EB95
$3FC5938504065C,3FE437C4E25A68,4009B8B240315773,3FC333333332EB95
$3FC5FB457D209,3FE35D8F4D291,400A6FDFBEF0A77E,3FC333333332EB95
$3FC6B092B257C,3FE2868A211238,400B270D3DAFF49D,3FC333333332EB95
$3FC7B1F995C88C,3FE1B46D6E444,400BDE3ABC6F3F9E,3FC333333332EB95
$3FC8FD6B5A1828,3FE0E8E739697,400C95683B2E8D57,3FC333333332EB95
$3FCA9041A89D78,3FE025980B9348,400D4C95B9EDDC1F,3FC333333332EB95
$3FCC67440DACE8,3FDED81F3B7B9,400E03C338AD3136,3FC333333332EB95
$3FCE7EAE8FEE04,3FDD7B934D776,400EBAF0B76C7EED,3FC333333332EB95
$3FD0691CB29EA2,3FDC3855A42B2,400F721E362BCC52,3FC333333332EB95
$3FD1AE90DAAA24,3FDB10FBCC256,401014A5DA758B66,3FC333333332EB95
$3FD30D19AC2588,3FDA07E23D829,4010703C99D5328,3FC333333332EB95
$3FD481E9BE802,3FD91F2786D,4010CBD35934D9AA,3FC333333332EB95
$3FD60A0610CE8A,3FD858A7F6A3F,4011276A18947FFB,3FC333333332EB95
$3FD7A24C235D82,3FD7B5F9CCCD,40118300D7F42717,3FC333333332EB95
$3FD8737AD2E75C,3FD7727C3A7DE,4011B0CC37A3FA49,3FC333333332EB95
4 31 36
4 32 146
4 33 298
4 34 304
4 35 0
4 36 0
3 25 ->
4 26 301
4 27 4
4 28 0
4 29 [2]
$1,-1
4 30 [16][4]
$3FC578E9756FBC,3FE4EC77C47E68,400921FB54442D18,3FC333333332EB95
$3FC5938504065C,3FE437C4E25A68,4009B8B240315773,3FC333333332EB95
$3FC5FB457D209,3FE35D8F4D291,400A6FDFBEF0A77E,3FC333333332EB95
$3FC6B092B257C,3FE2868A211238,400B270D3DAFF49D,3FC333333332EB95
$3FC7B1F995C88C,3FE1B46D6E444,400BDE3ABC6F3F9E,3FC333333332EB95
$3FC8FD6B5A1828,3FE0E8E739697,400C95683B2E8D57,3FC333333332EB95
$3FCA9041A89D78,3FE025980B9348,400D4C95B9EDDC1F,3FC333333332EB95
$3FCC67440DACE8,3FDED81F3B7B9,400E03C338AD3136,3FC333333332EB95
$3FCE7EAE8FEE04,3FDD7B934D776,400EBAF0B76C7EED,3FC333333332EB95
$3FD0691CB29EA2,3FDC3855A42B2,400F721E362BCC52,3FC333333332EB95
$3FD1AE90DAAA24,3FDB10FBCC256,401014A5DA758B66,3FC333333332EB95
$3FD30D19AC2588,3FDA07E23D829,4010703C99D5328,3FC333333332EB95
$3FD481E9BE802,3FD91F2786D,4010CBD35934D9AA,3FC333333332EB95
$3FD60A0610CE8A,3FD858A7F6A3F,4011276A18947FFB,3FC333333332EB95
$3FD7A24C235D82,3FD7B5F9CCCD,40118300D7F42717,3FC333333332EB95
$3FD8737AD2E75C,3FD7727C3A7DE,4011B0CC37A3FA49,3FC333333332EB95
4 31 35
4 32 145
4 33 297
4 34 303
4 35 0
4 36 0
3 25 ->
4 26 306
4 27 4
4 28 0
4 29 [2]
$1,-1
4 30 [2][4]
$3FC578E9757034,3FF6568CFBEB9,BFC333333332B863,0
$3FC578E9757034,3FE4EC77C47E68,BFC333333332B863,BFE7C0A23358B8
4 31 36
4 32 110
4 33 302
4 34 112
4 35 0
4 36 0
3 25 ->
4 26 305
4 27 4
4 28 0
4 29 [2]
$1,-1
4 30 [2][4]
$3FC578E9757034,3FF6568CFBEB9,BFC333333332B863,0
$3FC578E9757034,3FE4EC77C47E68,BFC333333332B863,BFE7C0A23358B8
4 31 35
4 32 109
4 33 301
4 34 111
4 35 0
4 36 0
3 25 ->
4 26 308
4 27 4
4 28 0
4 29 [2]
$1,-1
4 30 [16][4]
$3FD8737AD2E798,3FFAF029CF8B5,3FFDC4BC7280D95C,3FC333333332B863
$3FD71CF241AC3A,3FFAD329D05EC8,3FFEF22A4A5B2E9B,3FC333333332B861
$3FD58989E4C91A,3FFAA7905BB878,40003042A3ECE4EB,3FC333333332B863
$3FD407523DB4F6,3FFA73215E327,4000E77022AC33F7,3FC333333332B862
$3FD29961BC79AA,3FFA364827785,40019E9DA16B7F1A,3FC333333332B862
$3FD142A550DB7,3FF9F181401274,400255CB202AD04,3FC333333332B862
$3FD005DA6D903,3FF9A5596A86F,40030CF89EEA1D6C,3FC333333332B864
$3FCDCB12D94F9,3FF9526C8344B,4003C4261DA96C1E,3FC333333332B864
$3FCBC800C13E28,3FF8F96441A6C4,40047B539C68BC9E,3FC333333332B862
$3FCA069CB9735,3FF89AF6DC9C8,400532811B2804AB,3FC333333332B862
$3FC88A7E7C9364,3FF837E595BD2,4005E9AE99E753D7,3FC333333332B862
$3FC756AFFF0B74,3FF7D0FB2DC298,4006A0DC18A6A27E,3FC333333332B862
$3FC66DA736E534,3FF7670A45949C,400758099765EE58,3FC333333332B862
$3FC5D141127D78,3FF6FAEBAF356,40080F3716253F6E,3FC333333332B861
$3FC582BDA86C6,3FF68D7CB20254,4008C66494E488B,3FC333333332B863
$3FC578E975701,3FF6568CFBEB9,400921FB54442D18,3FC333333332B863
4 31 36
4 32 140
4 33 306
4 34 310
4 35 0
4 36 0
3 25 ->
4 26 307
4 27 4
4 28 0
4 29 [2]
$1,-1
4 30 [16][4]
$3FD8737AD2E798,3FFAF029CF8B5,3FFDC4BC7280D95C,3FC333333332B863
$3FD71CF241AC3A,3FFAD329D05EC8,3FFEF22A4A5B2E9B,3FC333333332B861
$3FD58989E4C91A,3FFAA7905BB878,40003042A3ECE4EB,3FC333333332B863
$3FD407523DB4F6,3FFA73215E327,4000E77022AC33F7,3FC333333332B862
$3FD29961BC79AA,3FFA364827785,40019E9DA16B7F1A,3FC333333332B862
$3FD142A550DB7,3FF9F181401274,400255CB202AD04,3FC333333332B862
$3FD005DA6D903,3FF9A5596A86F,40030CF89EEA1D6C,3FC333333332B864
$3FCDCB12D94F9,3FF9526C8344B,4003C4261DA96C1E,3FC333333332B864
$3FCBC800C13E28,3FF8F96441A6C4,40047B539C68BC9E,3FC333333332B862
$3FCA069CB9735,3FF89AF6DC9C8,400532811B2804AB,3FC333333332B862
$3FC88A7E7C9364,3FF837E595BD2,4005E9AE99E753D7,3FC333333332B862
$3FC756AFFF0B74,3FF7D0FB2DC298,4006A0DC18A6A27E,3FC333333332B862
$3FC66DA736E534,3FF7670A45949C,400758099765EE58,3FC333333332B862
$3FC5D141127D78,3FF6FAEBAF356,40080F3716253F6E,3FC333333332B861
$3FC582BDA86C6,3FF68D7CB20254,4008C66494E488B,3FC333333332B863
$3FC578E975701,3FF6568CFBEB9,400921FB54442D18,3FC333333332B863
4 31 35
4 32 139
4 33 305
4 34 309
4 35 0
4 36 0
3 25 ->
4 26 204
4 27 4
4 28 0
4 29 [2]
$1,-1
4 30 [2][4]
$3FD8737AD2E78,4001999999999A,BFE4D9CD786ECE46,BFC66771C971
$3FD8737AD2E78,3FFAF029CF8B8,BFE4D9CD786ECE46,BFE61FEF39ABA8
4 31 36
4 32 202
4 33 308
4 34 312
4 35 0
4 36 0
3 25 ->
4 26 203
4 27 4
4 28 0
4 29 [2]
$1,-1
4 30 [2][4]
$3FD8737AD2E78,4001999999999A,BFE4D9CD786ECE46,BFC66771C971
$3FD8737AD2E78,3FFAF029CF8B8,BFE4D9CD786ECE46,BFE61FEF39ABA8
4 31 35
4 32 201
4 33 307
4 34 311
4 35 0
4 36 0
3 25 ->
4 26 42
4 27 4
4 28 0
4 29 [2]
$1,-1
4 30 [2][4]
$BFEB8D88B673ACF4,C001999999999A01,3FFC47A781D08789,4001999999999A
$BFEB8D88B673ACE7,3A108,3FFC47A781D08842,0
4 31 48
4 32 40
4 33 50
4 34 264
4 35 0
4 36 0
3 25 ->
4 26 41
4 27 4
4 28 0
4 29 [2]
$1,-1
4 30 [2][4]
$BFEB8D88B673ACF4,C001999999999A01,3FFC47A781D08789,4001999999999A
$BFEB8D88B673ACE7,3A108,3FFC47A781D08842,0
4 31 47
4 32 39
4 33 49
4 34 263
4 35 0
4 36 0
3 25 ->
4 26 268
4 27 4
4 28 0
4 29 [2]
$1,-1
4 30 [5][4]
$400921FB54442D18,0,3D346E4BFFFFFFF,3FD91F5611DB1
$4006E758632922A,0,BF5F985256760273,3FDA00A789DE52
$400365F022425E34,0,BF893386E438B296,3FDB398E26327A
$3FFFC90FC2B7327,0,BF9E8537F32200F6,3FDC0CC1BA450C
$3FFC47A781D06E1F,0,BFA498F3B6C2E463,3FDC42C28C4B98
4 31 40
4 32 122
4 33 42
4 34 270
4 35 0
4 36 0
3 25 ->
4 26 267
4 27 4
4 28 0
4 29 [2]
$1,-1
4 30 [5][4]
$400921FB54442D18,0,3D346E4BFFFFFFF,3FD91F5611DB1
$4006E758632922A,0,BF5F985256760273,3FDA00A789DE52
$400365F022425E34,0,BF893386E438B296,3FDB398E26327A
$3FFFC90FC2B7327,0,BF9E8537F32200F6,3FDC0CC1BA450C
$3FFC47A781D06E1F,0,BFA498F3B6C2E463,3FDC42C28C4B98
4 31 39
4 32 121
4 33 41
4 34 269
4 35 0
4 36 0
3 25 ->
4 26 264
4 27 4
4 28 0
4 29 [2]
$1,-1
4 30 [5][4]
$3FFC47A781D06D64,4001999999999A,3FA498F3B6C2E5F1,3FDC42C28C4B98
$40005E76B203415C,4001999999999A,3F9BC51F59B9E77B,3FDBF7BD6A4C4A
$4003DFDEF2EA0433,4001999999999A,3F8555BC1AB630A5,3FDB13DA34661E
$4007614733D0CAA5,4001999999999A,3F5395658B85E9FC,3FD9D163BF7B48
$400921FB54442D18,4001999999999A,BD34464C0000002,3FD91F5611DB1
4 31 40
4 32 128
4 33 266
4 34 314
4 35 0
4 36 0
3 25 ->
4 26 263
4 27 4
4 28 0
4 29 [2]
$1,-1
4 30 [5][4]
$3FFC47A781D06D64,4001999999999A,3FA498F3B6C2E5F1,3FDC42C28C4B98
$40005E76B203415C,4001999999999A,3F9BC51F59B9E77B,3FDBF7BD6A4C4A
$4003DFDEF2EA0433,4001999999999A,3F8555BC1AB630A5,3FDB13DA34661E
$4007614733D0CAA5,4001999999999A,3F5395658B85E9FC,3FD9D163BF7B48
$400921FB54442D18,4001999999999A,BD34464C0000002,3FD91F5611DB1
4 31 39
4 32 127
4 33 265
4 34 313
4 35 0
4 36 0
3 25 ->
4 26 290
4 27 4
4 28 0
4 29 [2]
$1,-1
4 30 [5][4]
$4012101173D0104F,0,BFA498F3B6C293D7,3FE234C0C71A18
$4010F2BFFB42AAB6,0,BF9BC51F59BB6796,3FE25A435819B7
$400E6417B59E78E8,0,BF8555BC1AB97886,3FE2CC34F30CC7
$400AE2AF74B798C9,0,BF5395658BA09166,3FE36D702D822D
$400921FB54442D18,0,BD55999F7FFFFFFC,3FE3C677045246
4 31 44
4 32 138
4 33 46
4 34 54
4 35 0
4 36 0
3 25 ->
4 26 289
4 27 4
4 28 0
4 29 [2]
$1,-1
4 30 [5][4]
$4012101173D0104F,0,BFA498F3B6C293D7,3FE234C0C71A18
$4010F2BFFB42AAB6,0,BF9BC51F59BB6796,3FE25A435819B7
$400E6417B59E78E8,0,BF8555BC1AB97886,3FE2CC34F30CC7
$400AE2AF74B798C9,0,BF5395658BA09166,3FE36D702D822D
$400921FB54442D18,0,BD55999F7FFFFFFC,3FE3C677045246
4 31 43
4 32 137
4 33 45
4 34 53
4 35 0
4 36 0
3 25 ->
4 26 316
4 27 4
4 28 0
4 29 [2]
$1,-1
4 30 [2][4]
$BD43D4BD28826CE,39CAA3F0035D95A,4012101173D00838,0
$BD442BC70E7B87ED,C001999999999A01,4012101173D00853,4001999999999A
4 31 52
4 32 44
4 33 318
4 34 290
4 35 0
4 36 0
3 25 ->
4 26 315
4 27 4
4 28 0
4 29 [2]
$1,-1
4 30 [2][4]
$BD43D4BD28826CE,39CAA3F0035D95A,4012101173D00838,0
$BD442BC70E7B87ED,C001999999999A01,4012101173D00853,4001999999999A
4 31 51
4 32 43
4 33 317
4 34 289
4 35 0
4 36 0
3 25 ->
4 26 292
4 27 4
4 28 0
4 29 [2]
$1,-1
4 30 [5][4]
$400921FB54442D18,4001999999999A,3D55A29F8000000A,3FE3C677045246
$400B5C9E455EF99,4001999999999A,3F5F9852568838EE,3FE355CE4850B7
$400EDE068645D751,4001999999999A,3F893386E4396E17,3FE2B95AFA26A5
$40112FB763965A17,4001999999999A,3F9E8537F321B4B,3FE24FC1301D5D
$4012101173D010C2,4001999999999A,3FA498F3B6C29729,3FE234C0C71A18
4 31 44
4 32 130
4 33 316
4 34 294
4 35 0
4 36 0
3 25 ->
4 26 291
4 27 4
4 28 0
4 29 [2]
$1,-1
4 30 [5][4]
$400921FB54442D18,4001999999999A,3D55A29F8000000A,3FE3C677045246
$400B5C9E455EF99,4001999999999A,3F5F9852568838EE,3FE355CE4850B7
$400EDE068645D751,4001999999999A,3F893386E4396E17,3FE2B95AFA26A5
$40112FB763965A17,4001999999999A,3F9E8537F321B4B,3FE24FC1301D5D
$4012101173D010C2,4001999999999A,3FA498F3B6C29729,3FE234C0C71A18
4 31 43
4 32 129
4 33 315
4 34 293
4 35 0
4 36 0
3 25 ->
4 26 50
4 27 4
4 28 0
4 29 [2]
$1,-1
4 30 [2][4]
$BFEB8D88B673AA95,B9F2,BFA498F3B6C3126,3FDC42C28C4B78
$BD539F4A308F4FEA,B9EEA6C0A41EBCE,BFEC4F152F1A38DE,3FE383DCD629DC
4 31 48
4 32 122
4 33 320
4 34 268
4 35 0
4 36 0
3 25 ->
4 26 49
4 27 4
4 28 0
4 29 [2]
$1,-1
4 30 [2][4]
$BFEB8D88B673AA95,B9F2,BFA498F3B6C3126,3FDC42C28C4B78
$BD539F4A308F4FEA,B9EEA6C0A41EBCE,BFEC4F152F1A38DE,3FE383DCD629DC
4 31 47
4 32 121
4 33 319
4 34 267
4 35 0
4 36 0
3 25 ->
4 26 314
4 27 4
4 28 0
4 29 [2]
$1,-1
4 30 [2][4]
$BD53742363AEDAA5,C001999999999A01,3FEC4F152F1A38E6,3FE383DCD629DC
$BFEB8D88B673AA68,C001999999999A01,3FA498F3B6C31465,3FDC42C28C4B78
4 31 48
4 32 128
4 33 42
4 34 58
4 35 0
4 36 0
3 25 ->
4 26 313
4 27 4
4 28 0
4 29 [2]
$1,-1
4 30 [2][4]
$BD53742363AEDAA5,C001999999999A01,3FEC4F152F1A38E6,3FE383DCD629DC
$BFEB8D88B673AA68,C001999999999A01,3FA498F3B6C31465,3FDC42C28C4B78
4 31 47
4 32 127
4 33 41
4 34 57
4 35 0
4 36 0
3 25 ->
4 26 320
4 27 4
4 28 0
4 29 [2]
$1,-1
4 30 [2][4]
$BD4AA200A81E0039,3A0BF1DB81EB33E,4013A2E78A963A34,8
$BD4B1F97032951E8,C001999999999A01,4013A2E78A963A34,4001999999999A
4 31 48
4 32 56
4 33 314
4 34 322
4 35 0
4 36 0
3 25 ->
4 26 319
4 27 4
4 28 0
4 29 [2]
$1,-1
4 30 [2][4]
$BD4AA200A81E0039,3A0BF1DB81EB33E,4013A2E78A963A34,8
$BD4B1F97032951E8,C001999999999A01,4013A2E78A963A34,4001999999999A
4 31 47
4 32 55
4 33 313
4 34 321
4 35 0
4 36 0
3 25 ->
4 26 54
4 27 4
4 28 0
4 29 [2]
$1,-1
4 30 [2][4]
$BFEB8D88B673A756,B9F82,BFEC4F152F1A2F3B,3FD9A48A6E2BEE
$BD501325418FDAE5,3A06FB36F0A0DBD4,BFA498F3B6C2B776,3FE234C0C71A24
4 31 52
4 32 138
4 33 316
4 34 324
4 35 0
4 36 0
3 25 ->
4 26 53
4 27 4
4 28 0
4 29 [2]
$1,-1
4 30 [2][4]
$BFEB8D88B673A756,B9F82,BFEC4F152F1A2F3B,3FD9A48A6E2BEE
$BD501325418FDAE5,3A06FB36F0A0DBD4,BFA498F3B6C2B776,3FE234C0C71A24
4 31 51
4 32 137
4 33 315
4 34 323
4 35 0
4 36 0
3 25 ->
4 26 326
4 27 4
4 28 0
4 29 [2]
$1,-1
4 30 [2][4]
$BFEB8D88B67207F1,C001999999999A01,3FF5FC4F26B7B6A8,4001999999999919
$BFEB8D88B673AAEB,39E,3FF5FC4F26B7B6AE,BD3CDCDF1DECF67
4 31 52
4 32 60
4 33 54
4 34 62
4 35 0
4 36 0
3 25 ->
4 26 325
4 27 4
4 28 0
4 29 [2]
$1,-1
4 30 [2][4]
$BFEB8D88B67207F1,C001999999999A01,3FF5FC4F26B7B6A8,4001999999999919
$BFEB8D88B673AAEB,39E,3FF5FC4F26B7B6AE,BD3CDCDF1DECF67
4 31 51
4 32 59
4 33 53
4 34 61
4 35 0
4 36 0
3 25 ->
4 26 318
4 27 4
4 28 0
4 29 [2]
$1,-1
4 30 [2][4]
$BD4F52668E53778C,C001999999999A01,3FA498F3B6C2B6D,3FE234C0C71A24
$BFEB8D88B6720448,C001999999999A01,3FEC4F152F189446,3FD9A48A6E2C92
4 31 52
4 32 130
4 33 326
4 34 292
4 35 0
4 36 0
3 25 ->
4 26 317
4 27 4
4 28 0
4 29 [2]
$1,-1
4 30 [2][4]
$BD4F52668E53778C,C001999999999A01,3FA498F3B6C2B6D,3FE234C0C71A24
$BFEB8D88B6720448,C001999999999A01,3FEC4F152F189446,3FD9A48A6E2C92
4 31 51
4 32 129
4 33 325
4 34 291
4 35 0
4 36 0
3 25 ->
4 26 58
4 27 4
4 28 0
4 29 [2]
$1,-1
4 30 [5][4]
$3FEC4F152F1A3B0B,3FE383DCD629D3,4013A2E78A9633AA,4001999999999A
$3FECBA7B6FB890A,3FE3A95F672975,4014C0390323ADB9,4001999999999A
$3FED434D7A1B838F,3FE41B51021C88,401680ED23971C97,4001999999999A
$3FED8ED9B7C095B8,3FE4BC8C3C91EF,401841A1440A8B88,4001999999999A
$3FED98A46A86594C,3FE51593136208,401921FB54444118,4001999999999A
4 31 128
4 32 56
4 33 328
4 34 320
4 35 0
4 36 0
3 25 ->
4 26 57
4 27 4
4 28 0
4 29 [2]
$1,-1
4 30 [5][4]
$3FEC4F152F1A3B0B,3FE383DCD629D3,4013A2E78A9633AA,4001999999999A
$3FECBA7B6FB890A,3FE3A95F672975,4014C0390323ADB9,4001999999999A
$3FED434D7A1B838F,3FE41B51021C88,401680ED23971C97,4001999999999A
$3FED8ED9B7C095B8,3FE4BC8C3C91EF,401841A1440A8B88,4001999999999A
$3FED98A46A86594C,3FE51593136208,401921FB54444118,4001999999999A
4 31 127
4 32 55
4 33 327
4 34 319
4 35 0
4 36 0
3 25 ->
4 26 330
4 27 4
4 28 0
4 29 [2]
$1,-1
4 30 [2][4]
$BFD6811DF3BB7C,0,401921FB54445798,4001999999999A
$BFD6811DF3BB7C,4001999999999C,401921FB54445798,BD5
4 31 64
4 32 56
4 33 332
4 34 58
4 35 0
4 36 0
3 25 ->
4 26 329
4 27 4
4 28 0
4 29 [2]
$1,-1
4 30 [2][4]
$BFD6811DF3BB7C,0,401921FB54445798,4001999999999A
$BFD6811DF3BB7C,4001999999999C,401921FB54445798,BD5
4 31 63
4 32 55
4 33 331
4 34 57
4 35 0
4 36 0
3 25 ->
4 26 322
4 27 4
4 28 0
4 29 [2]
$1,-1
4 30 [5][4]
$BFED98A46A865947,3FE51593136208,401921FB54444118,0
$BFED88D8415B2014,3FE4A4EA576071,401804A9DBB6C698,8
$BFED33D64EF57E95,3FE4087709365F,401643F5BB435766,8
$BFECA47AAAED56BB,3FE39EDD3F2D17,401483419ACFEA08,8
$BFEC4F152F1A3AF4,3FE383DCD629D3,4013A2E78A96338,8
4 31 122
4 32 56
4 33 50
4 34 330
4 35 0
4 36 0
3 25 ->
4 26 321
4 27 4
4 28 0
4 29 [2]
$1,-1
4 30 [5][4]
$BFED98A46A865947,3FE51593136208,401921FB54444118,0
$BFED88D8415B2014,3FE4A4EA576071,401804A9DBB6C698,8
$BFED33D64EF57E95,3FE4087709365F,401643F5BB435766,8
$BFECA47AAAED56BB,3FE39EDD3F2D17,401483419ACFEA08,8
$BFEC4F152F1A3AF4,3FE383DCD629D3,4013A2E78A96338,8
4 31 121
4 32 55
4 33 49
4 34 329
4 35 0
4 36 0
3 25 ->
4 26 62
4 27 4
4 28 0
4 29 [2]
$1,-1
4 30 [5][4]
$3FED98A46A84568E,3FD6811DF3B96,3DCE4FB3CE62CBC,4001999999999919
$3FED88D841591D81,3FD7626F6BBBBA,3FD1D51788D63301,4001999999999A8E
$3FED33D64EF37C36,3FD89B56080FDE,3FE6F02CC806865F,4001999999999A4
$3FECA47AAAEB5473,3FD96E899C226E,3FF27AE6E5D0FE1F,4001999999999AA6
$3FEC4F152F1838A7,3FD9A48A6E28FA,3FF5FC4F26B7DAD2,4001999999999919
4 31 130
4 32 60
4 33 318
4 34 70
4 35 0
4 36 0
3 25 ->
4 26 61
4 27 4
4 28 0
4 29 [2]
$1,-1
4 30 [5][4]
$3FED98A46A84568E,3FD6811DF3B96,3DCE4FB3CE62CBC,4001999999999919
$3FED88D841591D81,3FD7626F6BBBBA,3FD1D51788D63301,4001999999999A8E
$3FED33D64EF37C36,3FD89B56080FDE,3FE6F02CC806865F,4001999999999A4
$3FECA47AAAEB5473,3FD96E899C226E,3FF27AE6E5D0FE1F,4001999999999AA6
$3FEC4F152F1838A7,3FD9A48A6E28FA,3FF5FC4F26B7DAD2,4001999999999919
4 31 129
4 32 59
4 33 317
4 34 69
4 35 0
4 36 0
3 25 ->
4 26 324
4 27 4
4 28 0
4 29 [2]
$1,-1
4 30 [5][4]
$BFEC4F152F1A377B,3FD9A48A6E2C4,3FF5FC4F26B7D9BB,BD3CDCDF1DEC622C
$BFECBA7B6FB8E977,3FD959854C2C9A,3FF18709447DDC38,3D31C3E307902C2
$BFED434D7A1BBF5E,3FD875A216462E,3FE50871856045E6,3D1FC18F6EE3C528
$BFED8ED9B7C0A867,3FD7332BA15B3A,3FCC0B4207137883,3D34CC8CBC05FD14
$BFED98A46A865544,3FD6811DF3BB02,BDD1A7E,BD3CDCDF1DD3CBA9
4 31 138
4 32 60
4 33 334
4 34 326
4 35 0
4 36 0
3 25 ->
4 26 323
4 27 4
4 28 0
4 29 [2]
$1,-1
4 30 [5][4]
$BFEC4F152F1A377B,3FD9A48A6E2C4,3FF5FC4F26B7D9BB,BD3CDCDF1DEC622C
$BFECBA7B6FB8E977,3FD959854C2C9A,3FF18709447DDC38,3D31C3E307902C2
$BFED434D7A1BBF5E,3FD875A216462E,3FE50871856045E6,3D1FC18F6EE3C528
$BFED8ED9B7C0A867,3FD7332BA15B3A,3FCC0B4207137883,3D34CC8CBC05FD14
$BFED98A46A865544,3FD6811DF3BB02,BDD1A7E,BD3CDCDF1DD3CBA9
4 31 137
4 32 59
4 33 333
4 34 325
4 35 0
4 36 0
3 25 ->
4 26 70
4 27 4
4 28 0
4 29 [2]
$1,-1
4 30 [2][4]
$BD982,4001999999999A,BDE1BBE,BD3CDCDF1DBE97B9
$BD982,0,3DDDFFC1956DC36E,4001999999999919
4 31 68
4 32 60
4 33 336
4 34 324
4 35 0
4 36 0
3 25 ->
4 26 69
4 27 4
4 28 0
4 29 [2]
$1,-1
4 30 [2][4]
$BD982,4001999999999A,BDE1BBE,BD3CDCDF1DBE97B9
$BD982,0,3DDDFFC1956DC36E,4001999999999919
4 31 67
4 32 59
4 33 335
4 34 323
4 35 0
4 36 0
3 25 ->
4 26 66
4 27 4
4 28 0
4 29 [2]
$1,-1
4 30 [2][4]
$BFC33352A84380B8,C001999999999A,0,0
$BFC33352A84380B8,3D5,0,4001999999999C
4 31 72
4 32 64
4 33 74
4 34 328
4 35 0
4 36 0
3 25 ->
4 26 65
4 27 4
4 28 0
4 29 [2]
$1,-1
4 30 [2][4]
$BFC33352A84380B8,C001999999999A,0,0
$BFC33352A84380B8,3D5,0,4001999999999C
4 31 71
4 32 63
4 33 73
4 34 327
4 35 0
4 36 0
3 25 ->
4 26 332
4 27 4
4 28 0
4 29 [2]
$1,-1
4 30 [2][4]
$BFD6811DF3BB8E,4001999999999C,BFED98A46A8661CA,3FE51593136208
$3D2,4001999999999C,BFED98A46A8661CA,3FF02B11069FE8
4 31 64
4 32 122
4 33 66
4 34 322
4 35 0
4 36 0
3 25 ->
4 26 331
4 27 4
4 28 0
4 29 [2]
$1,-1
4 30 [2][4]
$BFD6811DF3BB8E,4001999999999C,BFED98A46A8661CA,3FE51593136208
$3D2,4001999999999C,BFED98A46A8661CA,3FF02B11069FE8
4 31 63
4 32 121
4 33 65
4 34 321
4 35 0
4 36 0
3 25 ->
4 26 328
4 27 4
4 28 0
4 29 [2]
$1,-1
4 30 [2][4]
$3D52,0,3FED98A46A8661CF,3FF02B11069FEC
$BFD6811DF3BB8E,0,3FED98A46A8661CF,3FE51593136208
4 31 64
4 32 128
4 33 330
4 34 338
4 35 0
4 36 0
3 25 ->
4 26 327
4 27 4
4 28 0
4 29 [2]
$1,-1
4 30 [2][4]
$3D52,0,3FED98A46A8661CF,3FF02B11069FEC
$BFD6811DF3BB8E,0,3FED98A46A8661CF,3FE51593136208
4 31 63
4 32 127
4 33 329
4 34 337
4 35 0
4 36 0
3 25 ->
4 26 334
4 27 4
4 28 0
4 29 [2]
$1,-1
4 30 [2][4]
$BFD6811DF3BBA,4001999999999A,BFED98A46A865F45,0
$BD83C,4001999999999A,BFED98A46A865F45,3FD6811DF3BB02
4 31 68
4 32 138
4 33 70
4 34 78
4 35 0
4 36 0
3 25 ->
4 26 333
4 27 4
4 28 0
4 29 [2]
$1,-1
4 30 [2][4]
$BFD6811DF3BBA,4001999999999A,BFED98A46A865F45,0
$BD83C,4001999999999A,BFED98A46A865F45,3FD6811DF3BB02
4 31 67
4 32 137
4 33 69
4 34 77
4 35 0
4 36 0
3 25 ->
4 26 340
4 27 4
4 28 0
4 29 [2]
$1,-1
4 30 [2][4]
$3CB,3D5,BFD6811DF3BBA,4001999999999C
$3CB,C001999999999A,BFD6811DF3BBA,0
4 31 76
4 32 68
4 33 342
4 34 334
4 35 0
4 36 0
3 25 ->
4 26 339
4 27 4
4 28 0
4 29 [2]
$1,-1
4 30 [2][4]
$3CB,3D5,BFD6811DF3BBA,4001999999999C
$3CB,C001999999999A,BFD6811DF3BBA,0
4 31 75
4 32 67
4 33 341
4 34 333
4 35 0
4 36 0
3 25 ->
4 26 336
4 27 4
4 28 0
4 29 [2]
$1,-1
4 30 [2][4]
$BDA2,0,3FED98A46A865F4A,3FD6811DF3B96
$BFD6811DF3BBA,0,3FED98A46A865F4A,0
4 31 68
4 32 130
4 33 340
4 34 62
4 35 0
4 36 0
3 25 ->
4 26 335
4 27 4
4 28 0
4 29 [2]
$1,-1
4 30 [2][4]
$BDA2,0,3FED98A46A865F4A,3FD6811DF3B96
$BFD6811DF3BBA,0,3FED98A46A865F4A,0
4 31 67
4 32 129
4 33 339
4 34 61
4 35 0
4 36 0
3 25 ->
4 26 74
4 27 4
4 28 0
4 29 [2]
$1,-1
4 30 [2][4]
$BFC33352A84380B8,3D5,BFED98A46A8661D1,3FF02B11069FE78
$0,3D5,BFF132BC8A4BA1,3FF02B11069FE78
4 31 72
4 32 122
4 33 344
4 34 332
4 35 0
4 36 0
3 25 ->
4 26 73
4 27 4
4 28 0
4 29 [2]
$1,-1
4 30 [2][4]
$BFC33352A84380B8,3D5,BFED98A46A8661D1,3FF02B11069FE78
$0,3D5,BFF132BC8A4BA1,3FF02B11069FE78
4 31 71
4 32 121
4 33 343
4 34 331
4 35 0
4 36 0
3 25 ->
4 26 338
4 27 4
4 28 0
4 29 [2]
$1,-1
4 30 [2][4]
$0,C001999999999A,3FF132BC8A4BA102,3FF02B11069FE78
$BFC33352A84380B8,C001999999999A,3FED98A46A8661D6,3FF02B11069FE78
4 31 72
4 32 128
4 33 66
4 34 82
4 35 0
4 36 0
3 25 ->
4 26 337
4 27 4
4 28 0
4 29 [2]
$1,-1
4 30 [2][4]
$0,C001999999999A,3FF132BC8A4BA102,3FF02B11069FE78
$BFC33352A84380B8,C001999999999A,3FED98A46A8661D6,3FF02B11069FE78
4 31 71
4 32 127
4 33 65
4 34 81
4 35 0
4 36 0
3 25 ->
4 26 344
4 27 4
4 28 0
4 29 [2]
$1,-1
4 30 [2][4]
$BD68,0,0,C001999999999A
$BD68,4001999999999A,0,0
4 31 80
4 32 72
4 33 346
4 34 338
4 35 0
4 36 0
3 25 ->
4 26 343
4 27 4
4 28 0
4 29 [2]
$1,-1
4 30 [2][4]
$BD68,0,0,C001999999999A
$BD68,4001999999999A,0,0
4 31 79
4 32 71
4 33 345
4 34 337
4 35 0
4 36 0
3 25 ->
4 26 78
4 27 4
4 28 0
4 29 [2]
$1,-1
4 30 [2][4]
$BFC33352A8438198,3D5,BFF132BC8A4B9FDA,0
$3CB,3D5,BFED98A46A865F4C,0
4 31 76
4 32 138
4 33 340
4 34 348
4 35 0
4 36 0
3 25 ->
4 26 77
4 27 4
4 28 0
4 29 [2]
$1,-1
4 30 [2][4]
$BFC33352A8438198,3D5,BFF132BC8A4B9FDA,0
$3CB,3D5,BFED98A46A865F4C,0
4 31 75
4 32 137
4 33 339
4 34 347
4 35 0
4 36 0
3 25 ->
4 26 350
4 27 4
4 28 0
4 29 [2]
$1,-1
4 30 [2][4]
$3FDE615A33B0CC,3D5,BFC33352A84380B,3D5
$3FDE615A33B0CC,C001999999999A,BFC33352A84380B,C001999999999A
4 31 84
4 32 76
4 33 352
4 34 78
4 35 0
4 36 0
3 25 ->
4 26 349
4 27 4
4 28 0
4 29 [2]
$1,-1
4 30 [2][4]
$3FDE615A33B0CC,3D5,BFC33352A84380B,3D5
$3FDE615A33B0CC,C001999999999A,BFC33352A84380B,C001999999999A
4 31 83
4 32 75
4 33 351
4 34 77
4 35 0
4 36 0
3 25 ->
4 26 342
4 27 4
4 28 0
4 29 [2]
$1,-1
4 30 [2][4]
$3CB,C001999999999A,3FED98A46A865F51,0
$BFC33352A8438198,C001999999999A,3FF132BC8A4B9FDC,0
4 31 76
4 32 130
4 33 350
4 34 336
4 35 0
4 36 0
3 25 ->
4 26 341
4 27 4
4 28 0
4 29 [2]
$1,-1
4 30 [2][4]
$3CB,C001999999999A,3FED98A46A865F51,0
$BFC33352A8438198,C001999999999A,3FF132BC8A4B9FDC,0
4 31 75
4 32 129
4 33 349
4 34 335
4 35 0
4 36 0
3 25 ->
4 26 82
4 27 4
4 28 0
4 29 [2]
$1,-1
4 30 [2][4]
$3FDE615A33B342,0,3FF132BC8A4BA102,3FE12574F3662E
$BD68,0,3FF132BC8A4BA102,3FF02B11069FF38
4 31 80
4 32 128
4 33 344
4 34 354
4 35 0
4 36 0
3 25 ->
4 26 81
4 27 4
4 28 0
4 29 [2]
$1,-1
4 30 [2][4]
$3FDE615A33B342,0,3FF132BC8A4BA102,3FE12574F3662E
$BD68,0,3FF132BC8A4BA102,3FF02B11069FF38
4 31 79
4 32 127
4 33 343
4 34 353
4 35 0
4 36 0
3 25 ->
4 26 356
4 27 4
4 28 0
4 29 [2]
$1,-1
4 30 [2][4]
$401921FB54463794,4001999999999AE7,3FDE615A33B272,0
$401921FB5442201B,3D3CDCDF1DFD0F55,3FDE615A33B272,4001999999999A
4 31 88
4 32 80
4 33 358
4 34 82
4 35 0
4 36 0
3 25 ->
4 26 355
4 27 4
4 28 0
4 29 [2]
$1,-1
4 30 [2][4]
$401921FB54463794,4001999999999AE7,3FDE615A33B272,0
$401921FB5442201B,3D3CDCDF1DFD0F55,3FDE615A33B272,4001999999999A
4 31 87
4 32 79
4 33 357
4 34 81
4 35 0
4 36 0
3 25 ->
4 26 346
4 27 4
4 28 0
4 29 [2]
$1,-1
4 30 [2][4]
$BD68,4001999999999A,BFF132BC8A4BA1,3FF02B11069FF38
$3FDE615A33B1A,4001999999999A,BFF132BC8A4BA1,3FE12574F366FF
4 31 80
4 32 122
4 33 356
4 34 74
4 35 0
4 36 0
3 25 ->
4 26 345
4 27 4
4 28 0
4 29 [2]
$1,-1
4 30 [2][4]
$BD68,4001999999999A,BFF132BC8A4BA1,3FF02B11069FF38
$3FDE615A33B1A,4001999999999A,BFF132BC8A4BA1,3FE12574F366FF
4 31 79
4 32 121
4 33 355
4 34 73
4 35 0
4 36 0
3 25 ->
4 26 86
4 27 4
4 28 0
4 29 [2]
$1,-1
4 30 [2][4]
$0,BD5,BD2,3D5
$0,4001999999999A,BD2,C001999999999A
4 31 92
4 32 84
4 33 132
4 34 348
4 35 0
4 36 0
3 25 ->
4 26 85
4 27 4
4 28 0
4 29 [2]
$1,-1
4 30 [2][4]
$0,BD5,BD2,3D5
$0,4001999999999A,BD2,C001999999999A
4 31 91
4 32 83
4 33 131
4 34 347
4 35 0
4 36 0
3 25 ->
4 26 352
4 27 4
4 28 0
4 29 [2]
$1,-1
4 30 [2][4]
$3FDE615A33B0CC,C001999999999A,3FF132BC8A4B9FBF,0
$BD2,C001999999999A,3FF132BC8A4B9FBF,3FDE615A33B0CE
4 31 84
4 32 130
4 33 86
4 34 342
4 35 0
4 36 0
3 25 ->
4 26 351
4 27 4
4 28 0
4 29 [2]
$1,-1
4 30 [2][4]
$3FDE615A33B0CC,C001999999999A,3FF132BC8A4B9FBF,0
$BD2,C001999999999A,3FF132BC8A4B9FBF,3FDE615A33B0CE
4 31 83
4 32 129
4 33 85
4 34 341
4 35 0
4 36 0
3 25 ->
4 26 348
4 27 4
4 28 0
4 29 [2]
$1,-1
4 30 [2][4]
$BD2,3D5,BFF132BC8A4B9FBD,3FDE615A33B0CE
$3FDE615A33B0CC,3D5,BFF132BC8A4B9FBD,0
4 31 84
4 32 138
4 33 350
4 34 360
4 35 0
4 36 0
3 25 ->
4 26 347
4 27 4
4 28 0
4 29 [2]
$1,-1
4 30 [2][4]
$BD2,3D5,BFF132BC8A4B9FBD,3FDE615A33B0CE
$3FDE615A33B0CC,3D5,BFF132BC8A4B9FBD,0
4 31 83
4 32 137
4 33 349
4 34 359
4 35 0
4 36 0
3 25 ->
4 26 90
4 27 4
4 28 0
4 29 [2]
$1,-1
4 30 [2][4]
$BFEB8D88B673C191,C001999999999A,4013A2E78A91EEEA,4001999999999AE7
$BFEB8D88B673C19F,B9C3,4013A2E78A960685,3D3CDCDF1DD9B83E
4 31 94
4 32 88
4 33 96
4 34 354
4 35 0
4 36 0
3 25 ->
4 26 89
4 27 4
4 28 0
4 29 [2]
$1,-1
4 30 [2][4]
$BFEB8D88B673C191,C001999999999A,4013A2E78A91EEEA,4001999999999AE7
$BFEB8D88B673C19F,B9C3,4013A2E78A960685,3D3CDCDF1DD9B83E
4 31 93
4 32 87
4 33 95
4 34 353
4 35 0
4 36 0
3 25 ->
4 26 358
4 27 4
4 28 0
4 29 [2]
$1,-1
4 30 [5][4]
$401921FB5443269A,3D3CDCDF1DE987EB,BFF132BC8A4BA768,3FE12574F366FF
$401804A9DBB6C87F,BD31C3E307B4CEF2,BFF12AD675B60B2A,3FE0B4CC3765DF
$401643F5BB434E7,BD1FC18F6F368A7,BFF100557C833AFF,3FE01858E93BD1
$401483419ACFD63F,BD34CC8CBC07F04,BFF0B8A7AA7F27EE,3FDF5D7E3E651E
$4013A2E78A961928,3D3CDCDF1DDAFB1,BFF08DF4EC959AB9,3FDF277D6C5E98
4 31 88
4 32 122
4 33 90
4 34 346
4 35 0
4 36 0
3 25 ->
4 26 357
4 27 4
4 28 0
4 29 [2]
$1,-1
4 30 [5][4]
$401921FB5443269A,3D3CDCDF1DE987EB,BFF132BC8A4BA768,3FE12574F366FF
$401804A9DBB6C87F,BD31C3E307B4CEF2,BFF12AD675B60B2A,3FE0B4CC3765DF
$401643F5BB434E7,BD1FC18F6F368A7,BFF100557C833AFF,3FE01858E93BD1
$401483419ACFD63F,BD34CC8CBC07F04,BFF0B8A7AA7F27EE,3FDF5D7E3E651E
$4013A2E78A961928,3D3CDCDF1DDAFB1,BFF08DF4EC959AB9,3FDF277D6C5E98
4 31 87
4 32 121
4 33 89
4 34 345
4 35 0
4 36 0
3 25 ->
4 26 354
4 27 4
4 28 0
4 29 [2]
$1,-1
4 30 [5][4]
$4013A2E78A940D4C,4001999999999AE7,3FF08DF4EC96335A,3FDF277D6C5B
$4014C039032484A9,4001999999999972,3FF0C3A80CE5ED7D,3FDF72828E5AE6
$401680ED2397FD86,40019999999999C,3FF1081112175935,3FE02B32E220A
$401841A1440B76BE,4001999999999959,3FF12DD730E9CF65,3FE0CC6E1C9614
$401921FB54453395,4001999999999AE7,3FF132BC8A4CA6C9,3FE12574F3662E
4 31 88
4 32 128
4 33 356
4 34 362
4 35 0
4 36 0
3 25 ->
4 26 353
4 27 4
4 28 0
4 29 [2]
$1,-1
4 30 [5][4]
$4013A2E78A940D4C,4001999999999AE7,3FF08DF4EC96335A,3FDF277D6C5B
$4014C039032484A9,4001999999999972,3FF0C3A80CE5ED7D,3FDF72828E5AE6
$401680ED2397FD86,40019999999999C,3FF1081112175935,3FE02B32E220A
$401841A1440B76BE,4001999999999959,3FF12DD730E9CF65,3FE0CC6E1C9614
$401921FB54453395,4001999999999AE7,3FF132BC8A4CA6C9,3FE12574F3662E
4 31 87
4 32 127
4 33 355
4 34 361
4 35 0
4 36 0
3 25 ->
4 26 360
4 27 4
4 28 0
4 29 [2]
$1,-1
4 30 [5][4]
$3FF5FC4F26B7E8FD,0,BFF08DF4EC958B64,3FE0C2635710A6
$3FF187094481E7B1,0,BFF0C3A80CE4B97F,3FE09CE0C61101
$3FE508718568AF16,0,BFF108111216349B,3FE02AEF2B1DEC
$3FCC0B4207361A97,0,BFF12DD730E8BF78,3FDF1367E15104
$0,0,BFF132BC8A4BA237,3FDE615A33B0CE
4 31 92
4 32 138
4 33 86
4 34 100
4 35 0
4 36 0
3 25 ->
4 26 359
4 27 4
4 28 0
4 29 [2]
$1,-1
4 30 [5][4]
$3FF5FC4F26B7E8FD,0,BFF08DF4EC958B64,3FE0C2635710A6
$3FF187094481E7B1,0,BFF0C3A80CE4B97F,3FE09CE0C61101
$3FE508718568AF16,0,BFF108111216349B,3FE02AEF2B1DEC
$3FCC0B4207361A97,0,BFF12DD730E8BF78,3FDF1367E15104
$0,0,BFF132BC8A4BA237,3FDE615A33B0CE
4 31 91
4 32 137
4 33 85
4 34 99
4 35 0
4 36 0
3 25 ->
4 26 364
4 27 4
4 28 0
4 29 [2]
$1,-1
4 30 [2][4]
$BD3DA2F0C3248488,B99ABC662B8F5398,3FF5FC4F26B7D34E,0
$BD3DA2F0C3248488,C001999999999A01,3FF5FC4F26B7D34E,4001999999999A
4 31 98
4 32 92
4 33 366
4 34 360
4 35 0
4 36 0
3 25 ->
4 26 363
4 27 4
4 28 0
4 29 [2]
$1,-1
4 30 [2][4]
$BD3DA2F0C3248488,B99ABC662B8F5398,3FF5FC4F26B7D34E,0
$BD3DA2F0C3248488,C001999999999A01,3FF5FC4F26B7D34E,4001999999999A
4 31 97
4 32 91
4 33 365
4 34 359
4 35 0
4 36 0
3 25 ->
4 26 132
4 27 4
4 28 0
4 29 [2]
$1,-1
4 30 [5][4]
$0,4001999999999A,3FF132BC8A4BA239,3FDE615A33B0CE
$3FD1D51788D8035E,4001999999999A,3FF12AD675B603CC,3FDF42ABABB40A
$3FE6F02CC8072D5D,4001999999999A,3FF100557C83306E,3FE03DC9240419
$3FF27AE6E5D1218A,4001999999999A,3FF0B8A7AA7F1A48,3FE0A762EE0D61
$3FF5FC4F26B7E938,4001999999999A,3FF08DF4EC958B63,3FE0C2635710A6
4 31 92
4 32 130
4 33 364
4 34 352
4 35 0
4 36 0
3 25 ->
4 26 131
4 27 4
4 28 0
4 29 [2]
$1,-1
4 30 [5][4]
$0,4001999999999A,3FF132BC8A4BA239,3FDE615A33B0CE
$3FD1D51788D8035E,4001999999999A,3FF12AD675B603CC,3FDF42ABABB40A
$3FE6F02CC8072D5D,4001999999999A,3FF100557C83306E,3FE03DC9240419
$3FF27AE6E5D1218A,4001999999999A,3FF0B8A7AA7F1A48,3FE0A762EE0D61
$3FF5FC4F26B7E938,4001999999999A,3FF08DF4EC958B63,3FE0C2635710A6
4 31 91
4 32 129
4 33 363
4 34 351
4 35 0
4 36 0
3 25 ->
4 26 96
4 27 4
4 28 0
4 29 [2]
$1,-1
4 30 [2][4]
$BFEB8D88B673C8D6,39F99,BFF08DF4EC959C96,3FDF277D6C5E72
$3D876DB363073907,B9F57B94F18E29,BFC8598F95F2B785,3FD462864C56
4 31 94
4 32 122
4 33 368
4 34 358
4 35 0
4 36 0
3 25 ->
4 26 95
4 27 4
4 28 0
4 29 [2]
$1,-1
4 30 [2][4]
$BFEB8D88B673C8D6,39F99,BFF08DF4EC959C96,3FDF277D6C5E72
$3D876DB363073907,B9F57B94F18E29,BFC8598F95F2B785,3FD462864C56
4 31 93
4 32 121
4 33 367
4 34 357
4 35 0
4 36 0
3 25 ->
4 26 362
4 27 4
4 28 0
4 29 [2]
$1,-1
4 30 [2][4]
$BDA4573477F10F5E,C001999999999A,3FC8598F95F923E9,3FD462864C56A4
$BFEB8D88B6749A5F,C001999999999A,3FF08DF4EC960359,3FDF277D6C5EC4
4 31 94
4 32 128
4 33 90
4 34 104
4 35 0
4 36 0
3 25 ->
4 26 361
4 27 4
4 28 0
4 29 [2]
$1,-1
4 30 [2][4]
$BDA4573477F10F5E,C001999999999A,3FC8598F95F923E9,3FD462864C56A4
$BFEB8D88B6749A5F,C001999999999A,3FF08DF4EC960359,3FDF277D6C5EC4
4 31 93
4 32 127
4 33 89
4 34 103
4 35 0
4 36 0
3 25 ->
4 26 368
4 27 4
4 28 0
4 29 [2]
$1,-1
4 30 [2][4]
$3D99327DAA2AA5C2,B9FAF14E56D2E28,3FFC47A781D8C2F2,BD3CDCDF1E1049FC
$BD9B2D506C9A581F,C001999999999A,3FFC47A781D8C2F,4001999999999919
4 31 94
4 32 102
4 33 362
4 34 370
4 35 0
4 36 0
3 25 ->
4 26 367
4 27 4
4 28 0
4 29 [2]
$1,-1
4 30 [2][4]
$3D99327DAA2AA5C2,B9FAF14E56D2E28,3FFC47A781D8C2F2,BD3CDCDF1E1049FC
$BD9B2D506C9A581F,C001999999999A,3FFC47A781D8C2F,4001999999999919
4 31 93
4 32 101
4 33 361
4 34 369
4 35 0
4 36 0
3 25 ->
4 26 100
4 27 4
4 28 0
4 29 [2]
$1,-1
4 30 [2][4]
$BFEB8D88B673AC69,B9912,BFC8598F95F4328E,3FE624DEE714D7
$BD472782DE63178C,39896E6A01E458E,BFF08DF4EC958BA3,3FE0C2635710A8
4 31 98
4 32 138
4 33 364
4 34 372
4 35 0
4 36 0
3 25 ->
4 26 99
4 27 4
4 28 0
4 29 [2]
$1,-1
4 30 [2][4]
$BFEB8D88B673AC69,B9912,BFC8598F95F4328E,3FE624DEE714D7
$BD472782DE63178C,39896E6A01E458E,BFF08DF4EC958BA3,3FE0C2635710A8
4 31 97
4 32 137
4 33 363
4 34 371
4 35 0
4 36 0
3 25 ->
4 26 374
4 27 4
4 28 0
4 29 [2]
$1,-1
4 30 [2][4]
$BFEB8D88B6720BDA,C001999999999A01,4012101173D009D1,4001999999999919
$BFEB8D88B673AEDF,399D7,4012101173D009D1,BD3CDCDF1DE87184
4 31 98
4 32 106
4 33 100
4 34 108
4 35 0
4 36 0
3 25 ->
4 26 373
4 27 4
4 28 0
4 29 [2]
$1,-1
4 30 [2][4]
$BFEB8D88B6720BDA,C001999999999A01,4012101173D009D1,4001999999999919
$BFEB8D88B673AEDF,399D7,4012101173D009D1,BD3CDCDF1DE87184
4 31 97
4 32 105
4 33 99
4 34 107
4 35 0
4 36 0
3 25 ->
4 26 366
4 27 4
4 28 0
4 29 [2]
$1,-1
4 30 [2][4]
$BD473F0C656928F6,C001999999999A01,3FF08DF4EC958BA1,3FE0C2635710A8
$BFEB8D88B6720968,C001999999999A01,3FC8598F95FA9E22,3FE624DEE71485
4 31 98
4 32 130
4 33 374
4 34 132
4 35 0
4 36 0
3 25 ->
4 26 365
4 27 4
4 28 0
4 29 [2]
$1,-1
4 30 [2][4]
$BD473F0C656928F6,C001999999999A01,3FF08DF4EC958BA1,3FE0C2635710A8
$BFEB8D88B6720968,C001999999999A01,3FC8598F95FA9E22,3FE624DEE71485
4 31 97
4 32 129
4 33 373
4 34 131
4 35 0
4 36 0
3 25 ->
4 26 104
4 27 4
4 28 0
4 29 [2]
$1,-1
4 30 [5][4]
$3FC8598F95FAB2C9,3FD462864C52BA,3FFC47A781D48BBC,4001999999999919
$3FC6ABF69385B967,3FD417812A5456,40005E76B1FF2D19,4001999999999A8E
$3FC488AE69F8F71D,3FD3339DF46EB4,4003DFDEF2E5F2F6,4001999999999A4
$3FC35A7D736356FA,3FD1F1277F842C,4007614733CCB613,4001999999999AA7
$3FC33352A84B8B58,3FD13F19D1E3FE,400921FB54401821,4001999999999919
4 31 128
4 32 102
4 33 376
4 34 368
4 35 0
4 36 0
3 25 ->
4 26 103
4 27 4
4 28 0
4 29 [2]
$1,-1
4 30 [5][4]
$3FC8598F95FAB2C9,3FD462864C52BA,3FFC47A781D48BBC,4001999999999919
$3FC6ABF69385B967,3FD417812A5456,40005E76B1FF2D19,4001999999999A8E
$3FC488AE69F8F71D,3FD3339DF46EB4,4003DFDEF2E5F2F6,4001999999999A4
$3FC35A7D736356FA,3FD1F1277F842C,4007614733CCB613,4001999999999AA7
$3FC33352A84B8B58,3FD13F19D1E3FE,400921FB54401821,4001999999999919
4 31 127
4 32 101
4 33 375
4 34 367
4 35 0
4 36 0
3 25 ->
4 26 126
4 27 4
4 28 0
4 29 [2]
$1,-1
4 30 [2][4]
$8,C001999999999A,400921FB543BFE27,4001999999999919
$0,3D5,400921FB54442D18,BD573737C77AAB42
4 31 124
4 32 102
4 33 378
4 34 104
4 35 0
4 36 0
3 25 ->
4 26 125
4 27 4
4 28 0
4 29 [2]
$1,-1
4 30 [2][4]
$8,C001999999999A,400921FB543BFE27,4001999999999919
$0,3D5,400921FB54442D18,BD573737C77AAB42
4 31 123
4 32 101
4 33 377
4 34 103
4 35 0
4 36 0
3 25 ->
4 26 370
4 27 4
4 28 0
4 29 [2]
$1,-1
4 30 [5][4]
$BFC33352A8439056,3FD13F19D1E5A2,400921FB54442D18,BD3CDCDF1DEAAD08
$BFC372834CF01312,3FD2206B49E81A,4006E758632B305A,3D31C3E307A9838B
$BFC4C68B168611B8,3FD35951E63C6E,400365F022446BA9,3D1FC18F6EE02AF
$BFC703F9A6A65A4E,3FD42C857A4F4A,3FFFC90FC2BB4D7A,3D34CC8CBBE9D658
$BFC8598F95F2B795,3FD462864C56,3FFC47A781D48C31,BD3CDCDF1DFC34A
4 31 122
4 32 102
4 33 96
4 34 126
4 35 0
4 36 0
3 25 ->
4 26 369
4 27 4
4 28 0
4 29 [2]
$1,-1
4 30 [5][4]
$BFC33352A8439056,3FD13F19D1E5A2,400921FB54442D18,BD3CDCDF1DEAAD08
$BFC372834CF01312,3FD2206B49E81A,4006E758632B305A,3D31C3E307A9838B
$BFC4C68B168611B8,3FD35951E63C6E,400365F022446BA9,3D1FC18F6EE02AF
$BFC703F9A6A65A4E,3FD42C857A4F4A,3FFFC90FC2BB4D7A,3D34CC8CBBE9D658
$BFC8598F95F2B795,3FD462864C56,3FFC47A781D48C31,BD3CDCDF1DFC34A
4 31 121
4 32 101
4 33 95
4 34 125
4 35 0
4 36 0
3 25 ->
4 26 108
4 27 4
4 28 0
4 29 [2]
$1,-1
4 30 [5][4]
$3FC33352A84B7275,3FE7B695244E52,400921FB54466712,4001999999999919
$3FC372834CF8683A,3FE745EC684D23,400B5C9E455F37C2,4001999999999A8E
$3FC4C68B168F06A1,3FE6A9791A230F,400EDE068645FC25,4001999999999A4
$3FC703F9A6AFBAF6,3FE63FDF5019C5,40112FB7639660E2,4001999999999AA6
$3FC8598F95FC33B5,3FE624DEE7168,4012101173D010C7,4001999999999919
4 31 130
4 32 106
4 33 366
4 34 380
4 35 0
4 36 0
3 25 ->
4 26 107
4 27 4
4 28 0
4 29 [2]
$1,-1
4 30 [5][4]
$3FC33352A84B7275,3FE7B695244E52,400921FB54466712,4001999999999919
$3FC372834CF8683A,3FE745EC684D23,400B5C9E455F37C2,4001999999999A8E
$3FC4C68B168F06A1,3FE6A9791A230F,400EDE068645FC25,4001999999999A4
$3FC703F9A6AFBAF6,3FE63FDF5019C5,40112FB7639660E2,4001999999999AA6
$3FC8598F95FC33B5,3FE624DEE7168,4012101173D010C7,4001999999999919
4 31 129
4 32 105
4 33 365
4 34 379
4 35 0
4 36 0
3 25 ->
4 26 372
4 27 4
4 28 0
4 29 [2]
$1,-1
4 30 [5][4]
$BFC8598F95F43867,3FE624DEE714DD,4012101173D0109A,BD3CDCDF1DE7D0F4
$BFC6ABF69379665A,3FE64A617814B,4010F2BFFB419B7F,3D31C3E3079459D8
$BFC488AE69EDF83C,3FE6BC531307E7,400E6417B59C7097,3D1FC18F6EEC41A8
$BFC35A7D735A395B,3FE75D8E4D7D63,400AE2AF74B5AE35,3D34CC8CBC0467D2
$BFC33352A8437775,3FE7B695244D81,400921FB54424D1B,BD3CDCDF1DD793BF
4 31 138
4 32 106
4 33 382
4 34 374
4 35 0
4 36 0
3 25 ->
4 26 371
4 27 4
4 28 0
4 29 [2]
$1,-1
4 30 [5][4]
$BFC8598F95F43867,3FE624DEE714DD,4012101173D0109A,BD3CDCDF1DE7D0F4
$BFC6ABF69379665A,3FE64A617814B,4010F2BFFB419B7F,3D31C3E3079459D8
$BFC488AE69EDF83C,3FE6BC531307E7,400E6417B59C7097,3D1FC18F6EEC41A8
$BFC35A7D735A395B,3FE75D8E4D7D63,400AE2AF74B5AE35,3D34CC8CBC0467D2
$BFC33352A8437775,3FE7B695244D81,400921FB54424D1B,BD3CDCDF1DD793BF
4 31 137
4 32 105
4 33 381
4 34 373
4 35 0
4 36 0
3 25 ->
4 26 380
4 27 4
4 28 0
4 29 [2]
$1,-1
4 30 [2][4]
$3FD13F19D1E3DA,0,400921FB54406D1E,BD3CDCDF1DC5B8DA
$3FD13F19D1E3DA,C001999999999A,400921FB54489C0F,4001999999999919
4 31 134
4 32 106
4 33 384
4 34 372
4 35 0
4 36 0
3 25 ->
4 26 379
4 27 4
4 28 0
4 29 [2]
$1,-1
4 30 [2][4]
$3FD13F19D1E3DA,0,400921FB54406D1E,BD3CDCDF1DC5B8DA
$3FD13F19D1E3DA,C001999999999A,400921FB54489C0F,4001999999999919
4 31 133
4 32 105
4 33 383
4 34 371
4 35 0
4 36 0
3 25 ->
4 26 112
4 27 4
4 28 0
4 29 [2]
$1,-1
4 30 [2][4]
$BFC333333332B863,0,400921FB54442D18,3FC333333332B863
$BC8,0,400921FB54442D18,3C707EFE4C197268
4 31 110
4 32 140
4 33 386
4 34 308
4 35 0
4 36 0
3 25 ->
4 26 111
4 27 4
4 28 0
4 29 [2]
$1,-1
4 30 [2][4]
$BFC333333332B863,0,400921FB54442D18,3FC333333332B863
$BC8,0,400921FB54442D18,3C707EFE4C197268
4 31 109
4 32 139
4 33 385
4 34 307
4 35 0
4 36 0
3 25 ->
4 26 304
4 27 4
4 28 0
4 29 [2]
$1,-1
4 30 [2][4]
$BC8,BFE7C0A23358B8,400921FB54442D18,3C8
$BFC333333332EB95,BFE7C0A23358B8,400921FB54442D18,3FC333333332EB95
4 31 110
4 32 146
4 33 306
4 34 388
4 35 0
4 36 0
3 25 ->
4 26 303
4 27 4
4 28 0
4 29 [2]
$1,-1
4 30 [2][4]
$BC8,BFE7C0A23358B8,400921FB54442D18,3C8
$BFC333333332EB95,BFE7C0A23358B8,400921FB54442D18,3FC333333332EB95
4 31 109
4 32 145
4 33 305
4 34 387
4 35 0
4 36 0
3 25 ->
4 26 386
4 27 4
4 28 0
4 29 [2]
$1,-1
4 30 [2][4]
$3D708,3FD266734E7F3,0,BFE7C0A23358B8
$3D708,3FF079EDED4C28,0,0
4 31 142
4 32 110
4 33 144
4 34 304
4 35 0
4 36 0
3 25 ->
4 26 385
4 27 4
4 28 0
4 29 [2]
$1,-1
4 30 [2][4]
$3D708,3FD266734E7F3,0,BFE7C0A23358B8
$3D708,3FF079EDED4C28,0,0
4 31 141
4 32 109
4 33 143
4 34 303
4 35 0
4 36 0
3 25 ->
4 26 116
4 27 4
4 28 0
4 29 [2]
$1,-1
4 30 [2][4]
$3FC3333333339666,0,401921FB54442D18,3FC3333333339666
$0,0,401921FB54442D18,0
4 31 114
4 32 150
4 33 390
4 34 284
4 35 0
4 36 0
3 25 ->
4 26 115
4 27 4
4 28 0
4 29 [2]
$1,-1
4 30 [2][4]
$3FC3333333339666,0,401921FB54442D18,3FC3333333339666
$0,0,401921FB54442D18,0
4 31 113
4 32 149
4 33 389
4 34 283
4 35 0
4 36 0
3 25 ->
4 26 280
4 27 4
4 28 0
4 29 [2]
$1,-1
4 30 [2][4]
$3C8,3FE7C0A23358B8,0,3C707EFE4C19974C
$3FC3333333339667,3FE7C0A23358B8,0,3FC3333333339667
4 31 114
4 32 156
4 33 282
4 34 392
4 35 0
4 36 0
3 25 ->
4 26 279
4 27 4
4 28 0
4 29 [2]
$1,-1
4 30 [2][4]
$3C8,3FE7C0A23358B8,0,3C707EFE4C19974C
$3FC3333333339667,3FE7C0A23358B8,0,3FC3333333339667
4 31 113
4 32 155
4 33 281
4 34 391
4 35 0
4 36 0
3 25 ->
4 26 390
4 27 4
4 28 0
4 29 [2]
$1,-1
4 30 [2][4]
$3FCB6E0C305FAC,3FF079EDED4C28,0,3FE7C0A23358B8
$3FCB6E0C305FAC,3FD266734E7F3,0,0
4 31 152
4 32 114
4 33 154
4 34 280
4 35 0
4 36 0
3 25 ->
4 26 389
4 27 4
4 28 0
4 29 [2]
$1,-1
4 30 [2][4]
$3FCB6E0C305FAC,3FF079EDED4C28,0,3FE7C0A23358B8
$3FCB6E0C305FAC,3FD266734E7F3,0,0
4 31 151
4 32 113
4 33 153
4 34 279
4 35 0
4 36 0
3 25 ->
4 26 120
4 27 4
4 28 0
4 29 [2]
$1,-1
4 30 [125][4]
$3FEDCD6D79258C,3DC76,401921FB54442CF6,400368D5A9C88E72
$3FEE62FC4C467B,BF2774CC3D,40190DE8406D2979,400368D5A9C88E4D
$3FEF248797E78,BF4EDFF3C5C,4018F3EA81CE5F8,400368D5A9C88EBE
$3FEFE5DA4E128F,BF62E1A2DA6,4018D9ECC32F956C,400368D5A9C88E62
$3FF0536A466D0A8,BF7179339B9C,4018BFEF0490CB7B,400368D5A9C88E82
$3FF0B3AB4073BF8,BF7BF3D1E154,4018A5F145F20157,400368D5A9C88E78
$3FF113A0355D67,BF846F78EA4C,40188BF38753376A,400368D5A9C88E8A
$3FF1733951F3848,BF8C1C3906C8,401871F5C8B46D86,400368D5A9C88E7A
$3FF1D266D22537,BF927F72A00E,401857F80A15A374,400368D5A9C88E7A
$3FF2311903A0D98,BF978B0339D1,40183DFA4B76D954,400368D5A9C88E86
$3FF28F40486AB78,BF9D2FF94FF7,401823FC8CD80F69,400368D5A9C88E76
$3FF2ECCD19705F8,BFA1B6B34AC38,401809FECE39454B,400368D5A9C88E51
$3FF349B00918368,BFA52121CC49,4017F0010F9A7B62,400368D5A9C88E56
$3FF3A5D9C5CCD48,BFA8D6B7F6D38,4017D60350FBB118,400368D5A9C88DFA
$3FF4013B1C83C1,BFACD6D92FB,4017BC05925CE749,400368D5A9C88E46
$3FF45BC4FB3F27,BFB0906E4883C,4017A207D3BE1D2B,400368D5A9C88E45
$3FF4B568738A168,BFB2DA0682DB8,4017880A151F5351,400368D5A9C88E77
$3FF50E16BCEEEA8,BFB547D4B3974,40176E0C56808906,400368D5A9C88E94
$3FF565C13767678,BFB7D9724EA54,4017540E97E1BF3B,400368D5A9C88ED6
$3FF5BC596DC631,BFBA8E72E014,40173A10D942F50C,400368D5A9C88EA4
$3FF611D11819308,BFBD66641DF48,401720131AA42AC1,400368D5A9C88E1
$3FF6661A1E04808,BFC03066FD99A,401706155C05607E,400368D5A9C88DEC
$3FF6B926991585,BFC1BE995DB2C,4016EC179D6696BC,400368D5A9C88E1F
$3FF70AE8D70DC48,BFC35D8783C2A,4016D219DEC7CCF,400368D5A9C88EA1
$3FF75B535C2527,BFC50CED01CD8,4016B81C20290253,400368D5A9C88DFA
$3FF7AA58E54339,BFC6CC82B2A6C,40169E1E618A392B,400368D5A9C88E67
$3FF7F7EC6A2F168,BFC89BFEC5AE4,40168420A2EB6F1D,400368D5A9C88E7A
$3FF844011FB59C8,BFCA7B14CAFBA,40166A22E44CA41F,400368D5A9C88DF2
$3FF88E8A79C5908,BFCC6975BFF94,4016502525ADDAF3,400368D5A9C88E66
$3FF8D77C2D8158,BFCE66D01C6D2,40163627670F10B6,400368D5A9C88E3E
$3FF91ECA3345F58,BFD03967EFF4F,40161C29A870463B,400368D5A9C88E1
$3FF96468C8A6E88,BFD1468F4FD4E,4016022BE9D17C3,400368D5A9C88E0F
$3FF9A84C725EA98,BFD25AB1CA679,4015E82E2B32B25E,400368D5A9C88E24
$3FF9EA69FE3367,BFD375A1D5844,4015CE306C93E893,400368D5A9C88E3E
$3FFA2AB684CFB6,BFD49730C7CAE,4015B432ADF51EB4,400368D5A9C88E54
$3FFA69276B8EEA,BFD5BF2EE0561,40159A34EF565516,400368D5A9C88E8
$3FFAA5B2663CC7,BFD6ED6B4E9B6,4015803730B78A31,400368D5A9C88E19
$3FFAE04D78C845,BFD821B43A77D,401566397218C17C,400368D5A9C88E94
$3FFB18EEF8E918,BFD95BD6CC68F,40154C3BB379F683,400368D5A9C88E42
$3FFB4F8D8FB7C08,BFDA9B9F35EE8,4015323DF4DB2C78,400368D5A9C88E52
$3FFB84203B37D68,BFDBE0D8BA165,40151840363C626B,400368D5A9C88E42
$3FFBB69E4FD45B,BFDD2B4DB62E8,4014FE42779D98F7,400368D5A9C88E76
$3FFBE6FF79CDBF,BFDE7AC7AA9E2,4014E444B8FECEEE,400368D5A9C88E66
$3FFC153BBE99788,BFDFCF0F43E1E,4014CA46FA60048A,400368D5A9C88E44
$3FFC414B7E32DB,BFE093F631D5F8,4014B0493BC13AFC,400368D5A9C88E6B
$3FFC6B27745D03,BFE142931512B8,4014964B7D2270C7,400368D5A9C88E67
$3FFC92C8B9D5A08,BFE1F3417FA7B,40147C4DBE83A6A,400368D5A9C88E4E
$3FFCB828C5786C8,BFE2A5E44E413,4014624FFFE4DBB9,400368D5A9C88E0F
$3FFCDB416D5316,BFE35A5E0B0568,401448524146122B,400368D5A9C88E31
$3FFCFC0CE7A97C8,BFE41090F2706,40142E5482A7484,400368D5A9C88E38
$3FFD1A85CBEA0F8,BFE4C85EF83C68,40141456C4087E84,400368D5A9C88E3E
$3FFD36A71392258,BFE581A9CC56C8,4013FA590569B461,400368D5A9C88E3E
$3FFD506C1B0226,BFE63C52DFDF8,4013E05B46CAE92D,400368D5A9C88E14
$3FFD67D0A241668,BFE6F83B6A335,4013C65D882C1FC3,400368D5A9C88E22
$3FFD7CD0CDB199,BFE7B5446DFFA8,4013AC5FC98D5505,400368D5A9C88E06
$3FFD8F6926B1AA8,BFE8734EBE5EA8,401392620AEE8BF8,400368D5A9C88E21
$3FFD9F969C2FFD,BFE9323B03FBB,401378644C4FC116,400368D5A9C88E1C
$3FFDAD56832BDE8,BFE9F1E9C23E3,40135E668DB0F792,400368D5A9C88E26
$3FFDB8A697262F8,BFEAB23B5C7B58,40134468CF122D59,400368D5A9C88E24
$3FFDC184FA811D,BFEB73101B2C78,40132A6B107363CE,400368D5A9C88E26
$3FFDC7F036CEE6,BFEC3448312A38,4013106D51D49A56,400368D5A9C88E26
$3FFDCBE73D0F9B,BFECF5C3C0EB3,4012F66F9335CF6F,400368D5A9C88E19
$3FFDCD6965DDD,BFEDB762E1C518,4012DC71D4970582,400368D5A9C88E1E
$3FFDCC76718A37,BFEE7905A53028,4012C27415F83B9E,400368D5A9C88E26
$3FFDC90E8826208,BFEF3A8C1C0B2,4012A876575970D7,400368D5A9C88E19
$3FFDC332397CE28,BFEFFBD65BDF68,40128E7898BAA7E4,400368D5A9C88E16
$3FFDBAE27CFC1D8,BFF05E62421268,4012747ADA1BDD1D,400368D5A9C88E17
$3FFDB020B18AF2,BFF0BE9B61C184,40125A7D1B7D12A,400368D5A9C88E25
$3FFDA2EE9D501F,BFF11E86AE8894,4012407F5CDE48EF,400368D5A9C88E19
$3FFD934E6D671E8,BFF17E1456C8D,401226819E3F7F52,400368D5A9C88E1B
$3FFD8142B58442,BFF1DD349854F,40120C83DFA0B5BB,400368D5A9C88DFF
$3FFD6CCE6F87EA,BFF23BD7C30A8,4011F2862101EB96,400368D5A9C88E01
$3FFD55F4FB00DD8,BFF299EE3B683,4011D8886263214,400368D5A9C88E19
$3FFD3CBA1C9DDF,BFF2F7687D20C8,4011BE8AA3C456A,400368D5A9C88E1E
$3FFD2121FD8E98,BFF354371DAA3C,4011A48CE5258D0E,400368D5A9C88E06
$3FFD03312AD3EA,BFF3B04ACEC898,40118A8F2686C2B6,400368D5A9C88E14
$3FFCE2EC947FCF,BFF40B94611418,4011709167E7F977,400368D5A9C88DF6
$3FFCC0598CE4E08,BFF46604C67A5C,40115693A9492F9,400368D5A9C88DEA
$3FFC9B7DC7B5AC8,BFF4BF8D14B9F4,40113C95EAAA6453,400368D5A9C88E22
$3FFC745F5913FA8,BFF5181E87D808,401122982C0B9B0A,400368D5A9C88DE9
$3FFC4B04B490288,BFF56FAA848FE,4011089A6D6CD0DA,400368D5A9C88DFE
$3FFC1F74AC18CA8,BFF5C6229ABB6C,4010EE9CAECE06F4,400368D5A9C88E04
$3FFBF1B66EDABB8,BFF61B7887B4E8,4010D49EF02F3CE2,400368D5A9C88DFA
$3FFBC1D18811CF,BFF66F9E38B0E4,4010BAA1319072D7,400368D5A9C88DF8
$3FFB8FCDDDCA4F8,BFF6C285CD1074,4010A0A372F1A7EB,400368D5A9C88E47
$3FFB5BB3AF9386,BFF7142198AB04,401086A5B452DEAA,400368D5A9C88DFD
$3FFB258B95237F,BFF76464260FB4,40106CA7F5B414ED,400368D5A9C88DD8
$3FFAED5E7CEC44,BFF7B34038BD74,401052AA37154B41,400368D5A9C88DBA
$3FFAB335AAA2C68,BFF800A8CF51E8,401038AC78768046,400368D5A9C88E04
$3FFA771AB5B7BF8,BFF84C9125AE68,40101EAEB9D7B65,400368D5A9C88DFA
$3FFA391787C2BA8,BFF896ECB71314,401004B0FB38EBF4,400368D5A9C88E26
$3FF9F9365ADF97,BFF8DFAF402F44,400FD5667934435D,400368D5A9C88E34
$3FF9B781B7FEC4,BFF926CCC12748,400FA16AFBF6B257,400368D5A9C88D9B
$3FF974047528778,BFF96C397F8F18,400F6D6F7EB91D85,400368D5A9C88DC
$3FF92EC9B3B333,BFF9AFEA085954,400F3974017B89CB,400368D5A9C88DAA
$3FF8E7DCDE6DD98,BFF9F1D331BAC8,400F0578843DF59C,400368D5A9C88DAC
$3FF89F49A7BDAA8,BFFA31EA1D01A8,400ED17D070060A5,400368D5A9C88D7D
$3FF8551C07B06D,BFFA702438608C,400E9D8189C2CA64,400368D5A9C88E5B
$3FF809603A031D,BFFAAC7740AC84,400E69860C8538F5,400368D5A9C88DB6
$3FF7BC22BC1D718,BFFAE6D9430EA,400E358A8F47A3B9,400368D5A9C88E06
$3FF76D704B028C,BFFB1F409EA7B,400E018F120A10E9,400368D5A9C88DAE
$3FF71D55E1372C,BFFB55A40626F8,400DCD9394CC7C59,400368D5A9C88DD4
$3FF6CBE0B49DBC8,BFFB89FA8152C4,400D9998178EE8A3,400368D5A9C88D49
$3FF6791E34489A,BFFBBC3B6E833C,400D659C9A51532D,400368D5A9C88DA7
$3FF6251C0642E5,BFFBEC5E840EA8,400D31A11D13C,400368D5A9C88DBE
$3FF5CFE80550488,BFFC1A5BD1A774,400CFDA59FD62B63,400368D5A9C88DE6
$3FF579903EA40C8,BFFC462BC1AB48,400CC9AA229897C5,400368D5A9C88D5C
$3FF52222EF8FD68,BFFC6FC71A6358,400C95AEA55B02A4,400368D5A9C88E12
$3FF4C9AE832A7D8,BFFC9726FF3544,400C61B3281D6EB1,400368D5A9C88E07
$3FF470418FEF4D,BFFCBC44F1C4F8,400C2DB7AADFDABA,400368D5A9C88E01
$3FF415EAD55624,BFFCDF1AD306B8,400BF9BC2DA24714,400368D5A9C88D7F
$3FF3BAB93964CF8,BFFCFFA2E441A4,400BC5C0B064B2DA,400368D5A9C88DEC
$3FF35EBBC63A0B,BFFD1DD7C80228,400B91C533271E3,400368D5A9C88E34
$3FF30201A7928A8,BFFD39B482FC94,400B5DC9B5E98A3A,400368D5A9C88E1F
$3FF2A49A28487B,BFFD53347CDF6C,400B29CE38ABF62B,400368D5A9C88E1A
$3FF24694AFCDE18,BFFD6A5381156,400AF5D2BB6E6233,400368D5A9C88E15
$3FF1E800BFA241,BFFD7F0DBF76D8,400AC1D73E30CE42,400368D5A9C88D69
$3FF188EDF0C3F8,BFFD915FCCEB04,400A8DDBC0F339EB,400368D5A9C88E1F
$3FF1296BF11DB98,BFFDA146A3F804,400A59E043B5A5EA,400368D5A9C88DFE
$3FF0C98A80F096,BFFDAEBFA542A4,400A25E4C678119D,400368D5A9C88DE8
$3FF06959703AFF8,BFFDB9C897FCFC,4009F1E9493A7DE3,400368D5A9C88DF
$3FF008E89C1D2D,BFFDC25FAA444,4009BDEDCBFCE9E1,400368D5A9C88D79
$3FEF508FD876C,BFFDC883716DA4,400989F24EBF555A,400368D5A9C88DD1
$3FEE8F0EA03CCA,BFFDCC32EA421,400955F6D181C18,400368D5A9C88D86
$3FEDCD6D79258C,BFFDCD6D7929,400921FB54442D5C,400368D5A9C88DC6
4 31 118
4 32 160
4 33 394
4 34 396
4 35 0
4 36 0
3 25 ->
4 26 119
4 27 4
4 28 0
4 29 [2]
$1,-1
4 30 [125][4]
$3FEDCD6D79258C,3DC76,401921FB54442CF6,400368D5A9C88E72
$3FEE62FC4C467B,BF2774CC3D,40190DE8406D2979,400368D5A9C88E4D
$3FEF248797E78,BF4EDFF3C5C,4018F3EA81CE5F8,400368D5A9C88EBE
$3FEFE5DA4E128F,BF62E1A2DA6,4018D9ECC32F956C,400368D5A9C88E62
$3FF0536A466D0A8,BF7179339B9C,4018BFEF0490CB7B,400368D5A9C88E82
$3FF0B3AB4073BF8,BF7BF3D1E154,4018A5F145F20157,400368D5A9C88E78
$3FF113A0355D67,BF846F78EA4C,40188BF38753376A,400368D5A9C88E8A
$3FF1733951F3848,BF8C1C3906C8,401871F5C8B46D86,400368D5A9C88E7A
$3FF1D266D22537,BF927F72A00E,401857F80A15A374,400368D5A9C88E7A
$3FF2311903A0D98,BF978B0339D1,40183DFA4B76D954,400368D5A9C88E86
$3FF28F40486AB78,BF9D2FF94FF7,401823FC8CD80F69,400368D5A9C88E76
$3FF2ECCD19705F8,BFA1B6B34AC38,401809FECE39454B,400368D5A9C88E51
$3FF349B00918368,BFA52121CC49,4017F0010F9A7B62,400368D5A9C88E56
$3FF3A5D9C5CCD48,BFA8D6B7F6D38,4017D60350FBB118,400368D5A9C88DFA
$3FF4013B1C83C1,BFACD6D92FB,4017BC05925CE749,400368D5A9C88E46
$3FF45BC4FB3F27,BFB0906E4883C,4017A207D3BE1D2B,400368D5A9C88E45
$3FF4B568738A168,BFB2DA0682DB8,4017880A151F5351,400368D5A9C88E77
$3FF50E16BCEEEA8,BFB547D4B3974,40176E0C56808906,400368D5A9C88E94
$3FF565C13767678,BFB7D9724EA54,4017540E97E1BF3B,400368D5A9C88ED6
$3FF5BC596DC631,BFBA8E72E014,40173A10D942F50C,400368D5A9C88EA4
$3FF611D11819308,BFBD66641DF48,401720131AA42AC1,400368D5A9C88E1
$3FF6661A1E04808,BFC03066FD99A,401706155C05607E,400368D5A9C88DEC
$3FF6B926991585,BFC1BE995DB2C,4016EC179D6696BC,400368D5A9C88E1F
$3FF70AE8D70DC48,BFC35D8783C2A,4016D219DEC7CCF,400368D5A9C88EA1
$3FF75B535C2527,BFC50CED01CD8,4016B81C20290253,400368D5A9C88DFA
$3FF7AA58E54339,BFC6CC82B2A6C,40169E1E618A392B,400368D5A9C88E67
$3FF7F7EC6A2F168,BFC89BFEC5AE4,40168420A2EB6F1D,400368D5A9C88E7A
$3FF844011FB59C8,BFCA7B14CAFBA,40166A22E44CA41F,400368D5A9C88DF2
$3FF88E8A79C5908,BFCC6975BFF94,4016502525ADDAF3,400368D5A9C88E66
$3FF8D77C2D8158,BFCE66D01C6D2,40163627670F10B6,400368D5A9C88E3E
$3FF91ECA3345F58,BFD03967EFF4F,40161C29A870463B,400368D5A9C88E1
$3FF96468C8A6E88,BFD1468F4FD4E,4016022BE9D17C3,400368D5A9C88E0F
$3FF9A84C725EA98,BFD25AB1CA679,4015E82E2B32B25E,400368D5A9C88E24
$3FF9EA69FE3367,BFD375A1D5844,4015CE306C93E893,400368D5A9C88E3E
$3FFA2AB684CFB6,BFD49730C7CAE,4015B432ADF51EB4,400368D5A9C88E54
$3FFA69276B8EEA,BFD5BF2EE0561,40159A34EF565516,400368D5A9C88E8
$3FFAA5B2663CC7,BFD6ED6B4E9B6,4015803730B78A31,400368D5A9C88E19
$3FFAE04D78C845,BFD821B43A77D,401566397218C17C,400368D5A9C88E94
$3FFB18EEF8E918,BFD95BD6CC68F,40154C3BB379F683,400368D5A9C88E42
$3FFB4F8D8FB7C08,BFDA9B9F35EE8,4015323DF4DB2C78,400368D5A9C88E52
$3FFB84203B37D68,BFDBE0D8BA165,40151840363C626B,400368D5A9C88E42
$3FFBB69E4FD45B,BFDD2B4DB62E8,4014FE42779D98F7,400368D5A9C88E76
$3FFBE6FF79CDBF,BFDE7AC7AA9E2,4014E444B8FECEEE,400368D5A9C88E66
$3FFC153BBE99788,BFDFCF0F43E1E,4014CA46FA60048A,400368D5A9C88E44
$3FFC414B7E32DB,BFE093F631D5F8,4014B0493BC13AFC,400368D5A9C88E6B
$3FFC6B27745D03,BFE142931512B8,4014964B7D2270C7,400368D5A9C88E67
$3FFC92C8B9D5A08,BFE1F3417FA7B,40147C4DBE83A6A,400368D5A9C88E4E
$3FFCB828C5786C8,BFE2A5E44E413,4014624FFFE4DBB9,400368D5A9C88E0F
$3FFCDB416D5316,BFE35A5E0B0568,401448524146122B,400368D5A9C88E31
$3FFCFC0CE7A97C8,BFE41090F2706,40142E5482A7484,400368D5A9C88E38
$3FFD1A85CBEA0F8,BFE4C85EF83C68,40141456C4087E84,400368D5A9C88E3E
$3FFD36A71392258,BFE581A9CC56C8,4013FA590569B461,400368D5A9C88E3E
$3FFD506C1B0226,BFE63C52DFDF8,4013E05B46CAE92D,400368D5A9C88E14
$3FFD67D0A241668,BFE6F83B6A335,4013C65D882C1FC3,400368D5A9C88E22
$3FFD7CD0CDB199,BFE7B5446DFFA8,4013AC5FC98D5505,400368D5A9C88E06
$3FFD8F6926B1AA8,BFE8734EBE5EA8,401392620AEE8BF8,400368D5A9C88E21
$3FFD9F969C2FFD,BFE9323B03FBB,401378644C4FC116,400368D5A9C88E1C
$3FFDAD56832BDE8,BFE9F1E9C23E3,40135E668DB0F792,400368D5A9C88E26
$3FFDB8A697262F8,BFEAB23B5C7B58,40134468CF122D59,400368D5A9C88E24
$3FFDC184FA811D,BFEB73101B2C78,40132A6B107363CE,400368D5A9C88E26
$3FFDC7F036CEE6,BFEC3448312A38,4013106D51D49A56,400368D5A9C88E26
$3FFDCBE73D0F9B,BFECF5C3C0EB3,4012F66F9335CF6F,400368D5A9C88E19
$3FFDCD6965DDD,BFEDB762E1C518,4012DC71D4970582,400368D5A9C88E1E
$3FFDCC76718A37,BFEE7905A53028,4012C27415F83B9E,400368D5A9C88E26
$3FFDC90E8826208,BFEF3A8C1C0B2,4012A876575970D7,400368D5A9C88E19
$3FFDC332397CE28,BFEFFBD65BDF68,40128E7898BAA7E4,400368D5A9C88E16
$3FFDBAE27CFC1D8,BFF05E62421268,4012747ADA1BDD1D,400368D5A9C88E17
$3FFDB020B18AF2,BFF0BE9B61C184,40125A7D1B7D12A,400368D5A9C88E25
$3FFDA2EE9D501F,BFF11E86AE8894,4012407F5CDE48EF,400368D5A9C88E19
$3FFD934E6D671E8,BFF17E1456C8D,401226819E3F7F52,400368D5A9C88E1B
$3FFD8142B58442,BFF1DD349854F,40120C83DFA0B5BB,400368D5A9C88DFF
$3FFD6CCE6F87EA,BFF23BD7C30A8,4011F2862101EB96,400368D5A9C88E01
$3FFD55F4FB00DD8,BFF299EE3B683,4011D8886263214,400368D5A9C88E19
$3FFD3CBA1C9DDF,BFF2F7687D20C8,4011BE8AA3C456A,400368D5A9C88E1E
$3FFD2121FD8E98,BFF354371DAA3C,4011A48CE5258D0E,400368D5A9C88E06
$3FFD03312AD3EA,BFF3B04ACEC898,40118A8F2686C2B6,400368D5A9C88E14
$3FFCE2EC947FCF,BFF40B94611418,4011709167E7F977,400368D5A9C88DF6
$3FFCC0598CE4E08,BFF46604C67A5C,40115693A9492F9,400368D5A9C88DEA
$3FFC9B7DC7B5AC8,BFF4BF8D14B9F4,40113C95EAAA6453,400368D5A9C88E22
$3FFC745F5913FA8,BFF5181E87D808,401122982C0B9B0A,400368D5A9C88DE9
$3FFC4B04B490288,BFF56FAA848FE,4011089A6D6CD0DA,400368D5A9C88DFE
$3FFC1F74AC18CA8,BFF5C6229ABB6C,4010EE9CAECE06F4,400368D5A9C88E04
$3FFBF1B66EDABB8,BFF61B7887B4E8,4010D49EF02F3CE2,400368D5A9C88DFA
$3FFBC1D18811CF,BFF66F9E38B0E4,4010BAA1319072D7,400368D5A9C88DF8
$3FFB8FCDDDCA4F8,BFF6C285CD1074,4010A0A372F1A7EB,400368D5A9C88E47
$3FFB5BB3AF9386,BFF7142198AB04,401086A5B452DEAA,400368D5A9C88DFD
$3FFB258B95237F,BFF76464260FB4,40106CA7F5B414ED,400368D5A9C88DD8
$3FFAED5E7CEC44,BFF7B34038BD74,401052AA37154B41,400368D5A9C88DBA
$3FFAB335AAA2C68,BFF800A8CF51E8,401038AC78768046,400368D5A9C88E04
$3FFA771AB5B7BF8,BFF84C9125AE68,40101EAEB9D7B65,400368D5A9C88DFA
$3FFA391787C2BA8,BFF896ECB71314,401004B0FB38EBF4,400368D5A9C88E26
$3FF9F9365ADF97,BFF8DFAF402F44,400FD5667934435D,400368D5A9C88E34
$3FF9B781B7FEC4,BFF926CCC12748,400FA16AFBF6B257,400368D5A9C88D9B
$3FF974047528778,BFF96C397F8F18,400F6D6F7EB91D85,400368D5A9C88DC
$3FF92EC9B3B333,BFF9AFEA085954,400F3974017B89CB,400368D5A9C88DAA
$3FF8E7DCDE6DD98,BFF9F1D331BAC8,400F0578843DF59C,400368D5A9C88DAC
$3FF89F49A7BDAA8,BFFA31EA1D01A8,400ED17D070060A5,400368D5A9C88D7D
$3FF8551C07B06D,BFFA702438608C,400E9D8189C2CA64,400368D5A9C88E5B
$3FF809603A031D,BFFAAC7740AC84,400E69860C8538F5,400368D5A9C88DB6
$3FF7BC22BC1D718,BFFAE6D9430EA,400E358A8F47A3B9,400368D5A9C88E06
$3FF76D704B028C,BFFB1F409EA7B,400E018F120A10E9,400368D5A9C88DAE
$3FF71D55E1372C,BFFB55A40626F8,400DCD9394CC7C59,400368D5A9C88DD4
$3FF6CBE0B49DBC8,BFFB89FA8152C4,400D9998178EE8A3,400368D5A9C88D49
$3FF6791E34489A,BFFBBC3B6E833C,400D659C9A51532D,400368D5A9C88DA7
$3FF6251C0642E5,BFFBEC5E840EA8,400D31A11D13C,400368D5A9C88DBE
$3FF5CFE80550488,BFFC1A5BD1A774,400CFDA59FD62B63,400368D5A9C88DE6
$3FF579903EA40C8,BFFC462BC1AB48,400CC9AA229897C5,400368D5A9C88D5C
$3FF52222EF8FD68,BFFC6FC71A6358,400C95AEA55B02A4,400368D5A9C88E12
$3FF4C9AE832A7D8,BFFC9726FF3544,400C61B3281D6EB1,400368D5A9C88E07
$3FF470418FEF4D,BFFCBC44F1C4F8,400C2DB7AADFDABA,400368D5A9C88E01
$3FF415EAD55624,BFFCDF1AD306B8,400BF9BC2DA24714,400368D5A9C88D7F
$3FF3BAB93964CF8,BFFCFFA2E441A4,400BC5C0B064B2DA,400368D5A9C88DEC
$3FF35EBBC63A0B,BFFD1DD7C80228,400B91C533271E3,400368D5A9C88E34
$3FF30201A7928A8,BFFD39B482FC94,400B5DC9B5E98A3A,400368D5A9C88E1F
$3FF2A49A28487B,BFFD53347CDF6C,400B29CE38ABF62B,400368D5A9C88E1A
$3FF24694AFCDE18,BFFD6A5381156,400AF5D2BB6E6233,400368D5A9C88E15
$3FF1E800BFA241,BFFD7F0DBF76D8,400AC1D73E30CE42,400368D5A9C88D69
$3FF188EDF0C3F8,BFFD915FCCEB04,400A8DDBC0F339EB,400368D5A9C88E1F
$3FF1296BF11DB98,BFFDA146A3F804,400A59E043B5A5EA,400368D5A9C88DFE
$3FF0C98A80F096,BFFDAEBFA542A4,400A25E4C678119D,400368D5A9C88DE8
$3FF06959703AFF8,BFFDB9C897FCFC,4009F1E9493A7DE3,400368D5A9C88DF
$3FF008E89C1D2D,BFFDC25FAA444,4009BDEDCBFCE9E1,400368D5A9C88D79
$3FEF508FD876C,BFFDC883716DA4,400989F24EBF555A,400368D5A9C88DD1
$3FEE8F0EA03CCA,BFFDCC32EA421,400955F6D181C18,400368D5A9C88D86
$3FEDCD6D79258C,BFFDCD6D7929,400921FB54442D5C,400368D5A9C88DC6
4 31 117
4 32 159
4 33 393
4 34 395
4 35 0
4 36 0
3 25 ->
4 26 394
4 27 4
4 28 0
4 29 [2]
$1,-1
4 30 [125][4]
$3FEDCD6D79258C,BFFDCD6D7926A4,400921FB54442D5C,400368D5A9C99081
$3FED37DEA60C68,BFFDCCB1D2C1E4,4008F9D52C9837A,400368D5A9C99073
$3FEC76535A6B7,BFFDC9917AAB28,4008C5D9AF5A9F4D,400368D5A9C99007
$3FEBB500A4406D,BFFDC3FCA7B6CC,400891DE321D06CD,400368D5A9C99026
$3FEAF4066578F1,BFFDBBF4458878,40085DE2B4DF6E8C,400368D5A9C9901A
$3FEA3384716B91,BFFDB179A742DC,400829E737A1D60D,400368D5A9C9909
$3FE9739A87984A,BFFDA48E874FB,4007F5EBBA643DCF,400368D5A9C9907D
$3FE8B4684E6C16,BFFD95350716D,4007C1F03D26A55,400368D5A9C9904C
$3FE7F60D4E08B7,BFFD836FAEA44,40078DF4BFE90CD,400368D5A9C9903
$3FE738A8EB1176,BFFD6F416C3D4C,400759F942AB7433,400368D5A9C99028
$3FE67C5A617DBE,BFFD58AD93E4CC,400725FDC56DDB9D,400368D5A9C99006
$3FE5C140BF727,BFFD3FB7DECEA4,4006F2024830437B,400368D5A9C98FDB
$3FE5077AE022C3,BFFD24646AC29,4006BE06CAF2AB07,400368D5A9C98FE1
$3FE44F2766B987,BFFD06B7B96E58,40068A0B4DB512A3,400368D5A9C9902F
$3FE39864B94BAE,BFFCE6B6AFA78C,4006560FD0777B03,400368D5A9C99082
$3FE2E350FBD4E,BFFCC466949CE4,400622145339E214,400368D5A9C98FF6
$3FE2300A0B3EFD,BFFC9FCD10F77C,4005EE18D5FC48E9,400368D5A9C98FB2
$3FE17EAD787552,BFFC78F02DEBD8,4005BA1D58BEB15C,400368D5A9C98FF
$3FE0CF58838453,BFFC4FD6543B1,40058621DB81191D,400368D5A9C99064
$3FE0222816C6B9,BFFC24864B243C,400552265E4380CE,400368D5A9C99076
$3FDEEE71844166,BFFBF70737464C,40051E2AE105E795,400368D5A9C99026
$3FDD9D4D6C9416,BFFBC760997278,4004EA2F63C84FBB,400368D5A9C9904F
$3FDC511B804FF2,BFFB959A4D6F68,4004B633E68AB6ED,400368D5A9C99047
$3FDB0A12886EE4,BFFB61BC88AD7C,40048238694D1E17,400368D5A9C98FF4
$3FD9C868741144,BFFB2BCFD8EC3C,40044E3CEC0F866D,400368D5A9C99049
$3FD88C524F98E2,BFFAF3DD22D124,40041A416ED1ED4A,400368D5A9C99024
$3FD756043BE956,BFFAB9EDA07048,4003E645F19454BA,400368D5A9C9901A
$3FD625B165CF26,BFFA7E0ADFC6B4,4003B24A7456BC86,400368D5A9C99009
$3FD4FB8BFD8F3A,BFFA403EC1271,40037E4EF71923DA,400368D5A9C99005
$3FD3D7C52E9FFE,BFFA00937598A8,40034A5379DB8B1B,400368D5A9C98FF7
$3FD2BA8D178D6A,BFF9BF137D2924,40031657FC9DF228,400368D5A9C98FE4
$3FD1A412C2097E,BFF97BC9A5313C,4002E25C7F605A8C,400368D5A9C9900C
$3FD094841B2A58,BFF936C1068CA4,4002AE610222C375,400368D5A9C99058
$3FCF181BD7AE8,BFF8F00503C588,40027A6584E52A64,400368D5A9C99034
$3FCD15B7A2CBC4,BFF8A7A14733F,4002466A07A79137,400368D5A9C9900E
$3FCB22306CD1DC,BFF85DA1C11134,4002126E8A69F923,400368D5A9C99014
$3FC93DD89762A4,BFF81212A57FF4,4001DE730D2C606D,400368D5A9C99012
$3FC76900030668,BFF7C5006A88E4,4001AA778FEEC81D,400368D5A9C99012
$3FC5A3F401FF7C,BFF77677C60CB,4001767C12B12FEC,400368D5A9C99035
$3FC3EEFF4B89EC,BFF72685ABAB5C,400142809573979F,400368D5A9C99031
$3FC24A69EF88E4,BFF6D5374AA178,40010E851835FF8B,400368D5A9C99043
$3FC0B6794AA46C,BFF6829A0B9B78,4000DA899AF8667E,400368D5A9C9903
$3FBE66DFF5B1E8,BFF62EBB8E7FA,4000A68E1DBACEC4,400368D5A9C99044
$3FBB831BA8F5A,BFF5D9A9A82EC,40007292A07D36B2,400368D5A9C99046
$3FB8C21FAF5EC8,BFF58372603C48,40003E97233F9E1B,400368D5A9C99041
$3FB624604CBB98,BFF52C23EE9DF4,40000A9BA602047,400368D5A9C99015
$3FB3AA4BF530F8,BFF4D3CCB95388,3FFFAD405188DAC5,400368D5A9C99056
$3FB1544B3B0378,BFF47A7B5206D8,3FFF4549570DAA1D,400368D5A9C9905A
$3FAE45817AB05,BFF4203E73A4C4,3FFEDD525C92761A,400368D5A9C9902D
$3FAA2C122FE21,BFF3C524FFEF58,3FFE755B62174A3A,400368D5A9C9905D
$3FA65CF5A7CE2,BFF3693DFD095C,3FFE0D64679C1685,400368D5A9C99046
$3FA2D8CCB2C9E,BFF30C9892FC38,3FFDA56D6D20E601,400368D5A9C9904C
$3F9F40578990A,BFF2AF440937EC,3FFD3D7672A5B5EC,400368D5A9C99054
$3F996735B9BD4,BFF2514FC40E0C,3FFCD57F782A84D3,400368D5A9C99063
$3F94272ADDADA,BFF1F2CB4227EC,3FFC6D887DAF531B,400368D5A9C99048
$3F8F02293B4C4,BFF193C619F874,3FFC059183342434,400368D5A9C99057
$3F86EB6E7C1CC,BFF1344FF729FC,3FFB9D9A88B8F298,400368D5A9C99064
$3F800B7AFE25C,BFF0D4789808C4,3FFB35A38E3DC29B,400368D5A9C99067
$3F74C6E201EE,BFF0744FCAEA38,3FFACDAC93C29022,400368D5A9C9905F
$3F67D0FD4DE8,BFF013E56B91B,3FFA65B5994760BD,400368D5A9C9905E
$3F55F5096478,BFEF6692C125B,3FF9FDBE9ECC31FF,400368D5A9C99073
$3F3863C185C8,BFEEA5173164C8,3FF995C7A450FDDD,400368D5A9C99066
$3ED04D286E,BFEDE378108AF,3FF92DD0A9D5CE05,400368D5A9C99054
$3F2EE0F3B4F,BFED21D54D1FE8,3FF8C5D9AF5A9A56,400368D5A9C99076
$3F517BC406C6,BFEC604ED64508,3FF85DE2B4DF6C0E,400368D5A9C99062
$3F64767F55C6,BFEB9F049670C8,3FF7F5EBBA643CD4,400368D5A9C99068
$3F728AFC2B9B8,BFEADE166E2B7,3FF78DF4BFE90AE4,400368D5A9C99067
$3F7D4CC79CBA8,BFEA1DA42ECD48,3FF725FDC56DDA6,400368D5A9C9907
$3F853F6DEBC08,BFE95DCD953F3,3FF6BE06CAF2A926,400368D5A9C99074
$3F8D0F85E03AC,BFE89EB244BEC,3FF6560FD077787C,400368D5A9C99074
$3F930AB0E8D16,BFE7E071C1A688,3FF5EE18D5FC4835,400368D5A9C9907
$3F9827C267E46,BFE7232B6C3B78,3FF58621DB811A6F,400368D5A9C99051
$3F9DDE1F89A48,BFE666FE7B802,3FF51E2AE105E7CA,400368D5A9C9906D
$3FA2166B91308,BFE5AC09F80F,3FF4B633E68AB88C,400368D5A9C9905E
$3FA5896F7317E,BFE4F26CB6FC18,3FF44E3CEC0F8515,400368D5A9C9907C
$3FA94789CA6C2,BFE43A4554BF68,3FF3E645F1945341,400368D5A9C9909
$3FAD501C94EE1,BFE383B2302868,3FF37E4EF7192181,400368D5A9C990A1
$3FB0D13EC42538,BFE2CED1655BE8,3FF31657FC9DF1CA,400368D5A9C9908D
$3FB31EFB1717C,BFE21BC0C8DCC8,3FF2AE610222C18F,400368D5A9C99078
$3FB590E201322,BFE16A9DE2A0A,3FF2466A07A79071,400368D5A9C9908C
$3FB8268C496E9,BFE0BB85E930F8,3FF1DE730D2C608C,400368D5A9C99081
$3FBADF8CD0E3C,BFE00E95BCD9E8,3FF1767C12B131D,400368D5A9C99066
$3FBDBB70A4C4,BFDEC7D3C5CDE,3FF10E851835FE5B,400368D5A9C9908B
$3FC05CDF88A90C,BFDD773D01DDF,3FF0A68E1DBACAFB,400368D5A9C990BE
$3FC1ECFCDAE4B,BFDC2B9EB05FD,3FF03E97233F9D1,400368D5A9C99092
$3FC38DCE4C9AA8,BFDAE52F81F59,3FEFAD405188DB25,400368D5A9C9906C
$3FC53F0F201A88,BFD9A4254C62D,3FEEDD525C92783B,400368D5A9C99081
$3FC70077E1D40C,BFD868B501ABD,3FEE0D64679C15B1,400368D5A9C9909
$3FC8D1BE741FA4,BFD73312A75A1,3FED3D7672A5B287,400368D5A9C990A
$3FCAB2961B778C,BFD603714DE81,3FEC6D887DAF4E7B,400368D5A9C990B3
$3FCCA2AF8B1F6,BFD4DA0308557,3FEB9D9A88B8F106,400368D5A9C990A
$3FCEA1B8F2383,BFD3B6F8E3E4B,3FEACDAC93C28B42,400368D5A9C990BE
$3FD057AF049F3C,BFD29A82E0049,3FE9FDBE9ECC2ACD,400368D5A9C990BC
$3FD165A40FF846,BFD184CFE6656,3FE92DD0A9D5CDF3,400368D5A9C9909
$3FD27A8F15CD34,BFD0760DC33C6,3FE85DE2B4DF6991,400368D5A9C990FD
$3FD396426AE272,BFCEDCD23B6D4,3FE78DF4BFE90927,400368D5A9C990A9
$3FD4B88F45A308,BFCCDC1AE1364,3FE6BE06CAF2A948,400368D5A9C99094
$3FD5E145C5D7DA,BFCAEA4A063F6,3FE5EE18D5FC4948,400368D5A9C99075
$3FD71034FC8CF6,BFC907B1C3DF6,3FE51E2AE105E585,400368D5A9C990E7
$3FD8452AF4238,BFC734A1B0CEC,3FE44E3CEC0F894,400368D5A9C99032
$3FD97FF4B88EF4,BFC57166D406,3FE37E4EF7192185,400368D5A9C990F3
$3FDAC05E5FBC5,BFC3BE4B980BE,3FE2AE610222C0F1,400368D5A9C9909B
$3FDC06331221E8,BFC21B97BEAD6,3FE1DE730D2C5EAE,400368D5A9C990BB
$3FDD513D137652,BFC089905529A,3FE10E851835FBD6,400368D5A9C99114
$3FDEA145CB8D04,BFBE10EF519CC,3FE03E97233F9C75,400368D5A9C9909C
$3FDFF615CF5754,BFBB311A781,3FDEDD525C927253,400368D5A9C990CA
$3FE0A7BA750412,BFB8741B77D28,3FDD3D7672A5B5E9,400368D5A9C990D6
$3FE15695132C6D,BFB5DA65EC51C,3FDB9D9A88B8EF7F,400368D5A9C990F7
$3FE2077DEBF70F,BFB364679F334,3FD9FDBE9ECC32FF,400368D5A9C9904D
$3FE2BA57D26D61,BFB112887637C,3FD85DE2B4DF6AE2,400368D5A9C990DA
$3FE36F05479FA3,BFADCA54C4378,3FD6BE06CAF2AB89,400368D5A9C99057
$3FE425687F823B,BFA9B9529CDA,3FD51E2AE105E9E6,400368D5A9C990CB
$3FE4DD6365D7B5,BFA5F2B624CA,3FD37E4EF7192517,400368D5A9C99068
$3FE596D7A326A7,BFA2771EC57C,3FD1DE730D2C5DEE,400368D5A9C990F
$3FE651A6A1BAB7,BF9E8E3F1243,3FD03E97233F9E7,400368D5A9C9904
$3FE70DB192AFDB,BF98C67E04C5,3FCD3D7672A5B348,400368D5A9C990DC
$3FE7CAD973070C,BF9397EE6C66,3FC9FDBE9ECC2EAA,400368D5A9C990D9
$3FE888FF10C38F,BF8E06D61EBA,3FC6BE06CAF2AC65,400368D5A9C9903B
$3FE94803100FFD,BF86136A9838,3FC37E4EF7191DEB,400368D5A9C990C
$3FEA07C5F06A34,BF7EADD3E5CC,3FC03E97233F9978,400368D5A9C99154
$3FEAC82811D554,BF73A4E12B78,3FB9FDBE9ECC2BD8,400368D5A9C990AC
$3FEB8909BA10E9,BF661B9DC86,3FB37E4EF71929CF,400368D5A9C990E
$3FEC4A4B19D474,BF53A81EEB4,3FA9FDBE9ECC2AD4,400368D5A9C9908C
$3FED0BCC520E5C,BF33A8EE66,3F99FDBE9ECC32E4,400368D5A9C990EC
$3FEDCD6D79258B,3DA2,0,400368D5A9C9912C
4 31 118
4 32 162
4 33 120
4 34 164
4 35 0
4 36 0
3 25 ->
4 26 393
4 27 4
4 28 0
4 29 [2]
$1,-1
4 30 [125][4]
$3FEDCD6D79258C,BFFDCD6D7926A4,400921FB54442D5C,400368D5A9C99081
$3FED37DEA60C68,BFFDCCB1D2C1E4,4008F9D52C9837A,400368D5A9C99073
$3FEC76535A6B7,BFFDC9917AAB28,4008C5D9AF5A9F4D,400368D5A9C99007
$3FEBB500A4406D,BFFDC3FCA7B6CC,400891DE321D06CD,400368D5A9C99026
$3FEAF4066578F1,BFFDBBF4458878,40085DE2B4DF6E8C,400368D5A9C9901A
$3FEA3384716B91,BFFDB179A742DC,400829E737A1D60D,400368D5A9C9909
$3FE9739A87984A,BFFDA48E874FB,4007F5EBBA643DCF,400368D5A9C9907D
$3FE8B4684E6C16,BFFD95350716D,4007C1F03D26A55,400368D5A9C9904C
$3FE7F60D4E08B7,BFFD836FAEA44,40078DF4BFE90CD,400368D5A9C9903
$3FE738A8EB1176,BFFD6F416C3D4C,400759F942AB7433,400368D5A9C99028
$3FE67C5A617DBE,BFFD58AD93E4CC,400725FDC56DDB9D,400368D5A9C99006
$3FE5C140BF727,BFFD3FB7DECEA4,4006F2024830437B,400368D5A9C98FDB
$3FE5077AE022C3,BFFD24646AC29,4006BE06CAF2AB07,400368D5A9C98FE1
$3FE44F2766B987,BFFD06B7B96E58,40068A0B4DB512A3,400368D5A9C9902F
$3FE39864B94BAE,BFFCE6B6AFA78C,4006560FD0777B03,400368D5A9C99082
$3FE2E350FBD4E,BFFCC466949CE4,400622145339E214,400368D5A9C98FF6
$3FE2300A0B3EFD,BFFC9FCD10F77C,4005EE18D5FC48E9,400368D5A9C98FB2
$3FE17EAD787552,BFFC78F02DEBD8,4005BA1D58BEB15C,400368D5A9C98FF
$3FE0CF58838453,BFFC4FD6543B1,40058621DB81191D,400368D5A9C99064
$3FE0222816C6B9,BFFC24864B243C,400552265E4380CE,400368D5A9C99076
$3FDEEE71844166,BFFBF70737464C,40051E2AE105E795,400368D5A9C99026
$3FDD9D4D6C9416,BFFBC760997278,4004EA2F63C84FBB,400368D5A9C9904F
$3FDC511B804FF2,BFFB959A4D6F68,4004B633E68AB6ED,400368D5A9C99047
$3FDB0A12886EE4,BFFB61BC88AD7C,40048238694D1E17,400368D5A9C98FF4
$3FD9C868741144,BFFB2BCFD8EC3C,40044E3CEC0F866D,400368D5A9C99049
$3FD88C524F98E2,BFFAF3DD22D124,40041A416ED1ED4A,400368D5A9C99024
$3FD756043BE956,BFFAB9EDA07048,4003E645F19454BA,400368D5A9C9901A
$3FD625B165CF26,BFFA7E0ADFC6B4,4003B24A7456BC86,400368D5A9C99009
$3FD4FB8BFD8F3A,BFFA403EC1271,40037E4EF71923DA,400368D5A9C99005
$3FD3D7C52E9FFE,BFFA00937598A8,40034A5379DB8B1B,400368D5A9C98FF7
$3FD2BA8D178D6A,BFF9BF137D2924,40031657FC9DF228,400368D5A9C98FE4
$3FD1A412C2097E,BFF97BC9A5313C,4002E25C7F605A8C,400368D5A9C9900C
$3FD094841B2A58,BFF936C1068CA4,4002AE610222C375,400368D5A9C99058
$3FCF181BD7AE8,BFF8F00503C588,40027A6584E52A64,400368D5A9C99034
$3FCD15B7A2CBC4,BFF8A7A14733F,4002466A07A79137,400368D5A9C9900E
$3FCB22306CD1DC,BFF85DA1C11134,4002126E8A69F923,400368D5A9C99014
$3FC93DD89762A4,BFF81212A57FF4,4001DE730D2C606D,400368D5A9C99012
$3FC76900030668,BFF7C5006A88E4,4001AA778FEEC81D,400368D5A9C99012
$3FC5A3F401FF7C,BFF77677C60CB,4001767C12B12FEC,400368D5A9C99035
$3FC3EEFF4B89EC,BFF72685ABAB5C,400142809573979F,400368D5A9C99031
$3FC24A69EF88E4,BFF6D5374AA178,40010E851835FF8B,400368D5A9C99043
$3FC0B6794AA46C,BFF6829A0B9B78,4000DA899AF8667E,400368D5A9C9903
$3FBE66DFF5B1E8,BFF62EBB8E7FA,4000A68E1DBACEC4,400368D5A9C99044
$3FBB831BA8F5A,BFF5D9A9A82EC,40007292A07D36B2,400368D5A9C99046
$3FB8C21FAF5EC8,BFF58372603C48,40003E97233F9E1B,400368D5A9C99041
$3FB624604CBB98,BFF52C23EE9DF4,40000A9BA602047,400368D5A9C99015
$3FB3AA4BF530F8,BFF4D3CCB95388,3FFFAD405188DAC5,400368D5A9C99056
$3FB1544B3B0378,BFF47A7B5206D8,3FFF4549570DAA1D,400368D5A9C9905A
$3FAE45817AB05,BFF4203E73A4C4,3FFEDD525C92761A,400368D5A9C9902D
$3FAA2C122FE21,BFF3C524FFEF58,3FFE755B62174A3A,400368D5A9C9905D
$3FA65CF5A7CE2,BFF3693DFD095C,3FFE0D64679C1685,400368D5A9C99046
$3FA2D8CCB2C9E,BFF30C9892FC38,3FFDA56D6D20E601,400368D5A9C9904C
$3F9F40578990A,BFF2AF440937EC,3FFD3D7672A5B5EC,400368D5A9C99054
$3F996735B9BD4,BFF2514FC40E0C,3FFCD57F782A84D3,400368D5A9C99063
$3F94272ADDADA,BFF1F2CB4227EC,3FFC6D887DAF531B,400368D5A9C99048
$3F8F02293B4C4,BFF193C619F874,3FFC059183342434,400368D5A9C99057
$3F86EB6E7C1CC,BFF1344FF729FC,3FFB9D9A88B8F298,400368D5A9C99064
$3F800B7AFE25C,BFF0D4789808C4,3FFB35A38E3DC29B,400368D5A9C99067
$3F74C6E201EE,BFF0744FCAEA38,3FFACDAC93C29022,400368D5A9C9905F
$3F67D0FD4DE8,BFF013E56B91B,3FFA65B5994760BD,400368D5A9C9905E
$3F55F5096478,BFEF6692C125B,3FF9FDBE9ECC31FF,400368D5A9C99073
$3F3863C185C8,BFEEA5173164C8,3FF995C7A450FDDD,400368D5A9C99066
$3ED04D286E,BFEDE378108AF,3FF92DD0A9D5CE05,400368D5A9C99054
$3F2EE0F3B4F,BFED21D54D1FE8,3FF8C5D9AF5A9A56,400368D5A9C99076
$3F517BC406C6,BFEC604ED64508,3FF85DE2B4DF6C0E,400368D5A9C99062
$3F64767F55C6,BFEB9F049670C8,3FF7F5EBBA643CD4,400368D5A9C99068
$3F728AFC2B9B8,BFEADE166E2B7,3FF78DF4BFE90AE4,400368D5A9C99067
$3F7D4CC79CBA8,BFEA1DA42ECD48,3FF725FDC56DDA6,400368D5A9C9907
$3F853F6DEBC08,BFE95DCD953F3,3FF6BE06CAF2A926,400368D5A9C99074
$3F8D0F85E03AC,BFE89EB244BEC,3FF6560FD077787C,400368D5A9C99074
$3F930AB0E8D16,BFE7E071C1A688,3FF5EE18D5FC4835,400368D5A9C9907
$3F9827C267E46,BFE7232B6C3B78,3FF58621DB811A6F,400368D5A9C99051
$3F9DDE1F89A48,BFE666FE7B802,3FF51E2AE105E7CA,400368D5A9C9906D
$3FA2166B91308,BFE5AC09F80F,3FF4B633E68AB88C,400368D5A9C9905E
$3FA5896F7317E,BFE4F26CB6FC18,3FF44E3CEC0F8515,400368D5A9C9907C
$3FA94789CA6C2,BFE43A4554BF68,3FF3E645F1945341,400368D5A9C9909
$3FAD501C94EE1,BFE383B2302868,3FF37E4EF7192181,400368D5A9C990A1
$3FB0D13EC42538,BFE2CED1655BE8,3FF31657FC9DF1CA,400368D5A9C9908D
$3FB31EFB1717C,BFE21BC0C8DCC8,3FF2AE610222C18F,400368D5A9C99078
$3FB590E201322,BFE16A9DE2A0A,3FF2466A07A79071,400368D5A9C9908C
$3FB8268C496E9,BFE0BB85E930F8,3FF1DE730D2C608C,400368D5A9C99081
$3FBADF8CD0E3C,BFE00E95BCD9E8,3FF1767C12B131D,400368D5A9C99066
$3FBDBB70A4C4,BFDEC7D3C5CDE,3FF10E851835FE5B,400368D5A9C9908B
$3FC05CDF88A90C,BFDD773D01DDF,3FF0A68E1DBACAFB,400368D5A9C990BE
$3FC1ECFCDAE4B,BFDC2B9EB05FD,3FF03E97233F9D1,400368D5A9C99092
$3FC38DCE4C9AA8,BFDAE52F81F59,3FEFAD405188DB25,400368D5A9C9906C
$3FC53F0F201A88,BFD9A4254C62D,3FEEDD525C92783B,400368D5A9C99081
$3FC70077E1D40C,BFD868B501ABD,3FEE0D64679C15B1,400368D5A9C9909
$3FC8D1BE741FA4,BFD73312A75A1,3FED3D7672A5B287,400368D5A9C990A
$3FCAB2961B778C,BFD603714DE81,3FEC6D887DAF4E7B,400368D5A9C990B3
$3FCCA2AF8B1F6,BFD4DA0308557,3FEB9D9A88B8F106,400368D5A9C990A
$3FCEA1B8F2383,BFD3B6F8E3E4B,3FEACDAC93C28B42,400368D5A9C990BE
$3FD057AF049F3C,BFD29A82E0049,3FE9FDBE9ECC2ACD,400368D5A9C990BC
$3FD165A40FF846,BFD184CFE6656,3FE92DD0A9D5CDF3,400368D5A9C9909
$3FD27A8F15CD34,BFD0760DC33C6,3FE85DE2B4DF6991,400368D5A9C990FD
$3FD396426AE272,BFCEDCD23B6D4,3FE78DF4BFE90927,400368D5A9C990A9
$3FD4B88F45A308,BFCCDC1AE1364,3FE6BE06CAF2A948,400368D5A9C99094
$3FD5E145C5D7DA,BFCAEA4A063F6,3FE5EE18D5FC4948,400368D5A9C99075
$3FD71034FC8CF6,BFC907B1C3DF6,3FE51E2AE105E585,400368D5A9C990E7
$3FD8452AF4238,BFC734A1B0CEC,3FE44E3CEC0F894,400368D5A9C99032
$3FD97FF4B88EF4,BFC57166D406,3FE37E4EF7192185,400368D5A9C990F3
$3FDAC05E5FBC5,BFC3BE4B980BE,3FE2AE610222C0F1,400368D5A9C9909B
$3FDC06331221E8,BFC21B97BEAD6,3FE1DE730D2C5EAE,400368D5A9C990BB
$3FDD513D137652,BFC089905529A,3FE10E851835FBD6,400368D5A9C99114
$3FDEA145CB8D04,BFBE10EF519CC,3FE03E97233F9C75,400368D5A9C9909C
$3FDFF615CF5754,BFBB311A781,3FDEDD525C927253,400368D5A9C990CA
$3FE0A7BA750412,BFB8741B77D28,3FDD3D7672A5B5E9,400368D5A9C990D6
$3FE15695132C6D,BFB5DA65EC51C,3FDB9D9A88B8EF7F,400368D5A9C990F7
$3FE2077DEBF70F,BFB364679F334,3FD9FDBE9ECC32FF,400368D5A9C9904D
$3FE2BA57D26D61,BFB112887637C,3FD85DE2B4DF6AE2,400368D5A9C990DA
$3FE36F05479FA3,BFADCA54C4378,3FD6BE06CAF2AB89,400368D5A9C99057
$3FE425687F823B,BFA9B9529CDA,3FD51E2AE105E9E6,400368D5A9C990CB
$3FE4DD6365D7B5,BFA5F2B624CA,3FD37E4EF7192517,400368D5A9C99068
$3FE596D7A326A7,BFA2771EC57C,3FD1DE730D2C5DEE,400368D5A9C990F
$3FE651A6A1BAB7,BF9E8E3F1243,3FD03E97233F9E7,400368D5A9C9904
$3FE70DB192AFDB,BF98C67E04C5,3FCD3D7672A5B348,400368D5A9C990DC
$3FE7CAD973070C,BF9397EE6C66,3FC9FDBE9ECC2EAA,400368D5A9C990D9
$3FE888FF10C38F,BF8E06D61EBA,3FC6BE06CAF2AC65,400368D5A9C9903B
$3FE94803100FFD,BF86136A9838,3FC37E4EF7191DEB,400368D5A9C990C
$3FEA07C5F06A34,BF7EADD3E5CC,3FC03E97233F9978,400368D5A9C99154
$3FEAC82811D554,BF73A4E12B78,3FB9FDBE9ECC2BD8,400368D5A9C990AC
$3FEB8909BA10E9,BF661B9DC86,3FB37E4EF71929CF,400368D5A9C990E
$3FEC4A4B19D474,BF53A81EEB4,3FA9FDBE9ECC2AD4,400368D5A9C9908C
$3FED0BCC520E5C,BF33A8EE66,3F99FDBE9ECC32E4,400368D5A9C990EC
$3FEDCD6D79258B,3DA2,0,400368D5A9C9912C
4 31 117
4 32 161
4 33 119
4 34 163
4 35 0
4 36 0
3 25 ->
4 26 378
4 27 4
4 28 0
4 29 [2]
$1,-1
4 30 [2][4]
$0,3D5,BFC33352A8438F48,3FD13F19D1E5A2
$3FD13F19D1E55A,3D5,BFC33352A8438F48,3D72
4 31 124
4 32 122
4 33 398
4 34 370
4 35 0
4 36 0
3 25 ->
4 26 377
4 27 4
4 28 0
4 29 [2]
$1,-1
4 30 [2][4]
$0,3D5,BFC33352A8438F48,3FD13F19D1E5A2
$3FD13F19D1E55A,3D5,BFC33352A8438F48,3D72
4 31 123
4 32 121
4 33 397
4 34 369
4 35 0
4 36 0
3 25 ->
4 26 272
4 27 4
4 28 0
4 29 [2]
$1,-1
4 30 [2][4]
$BFE6745F3D0D9AD8,BFC66771C971,BFC33352A8439524,3D72
$BFEB443413A4737D,BFC66771C971,BD6B872400000002,3F857B67DE86C
4 31 166
4 32 122
4 33 400
4 34 378
4 35 0
4 36 0
3 25 ->
4 26 271
4 27 4
4 28 0
4 29 [2]
$1,-1
4 30 [2][4]
$BFE6745F3D0D9AD8,BFC66771C971,BFC33352A8439524,3D72
$BFEB443413A4737D,BFC66771C971,BD6B872400000002,3F857B67DE86C
4 31 165
4 32 121
4 33 399
4 34 377
4 35 0
4 36 0
3 25 ->
4 26 376
4 27 4
4 28 0
4 29 [2]
$1,-1
4 30 [2][4]
$3FC33352A843957B,3FD13F19D1E3FE,3D9A4,C001999999999A
$3FC33352A843957B,3D68,3FD13F19D1E572,C001999999999A
4 31 128
4 32 124
4 33 168
4 34 126
4 35 0
4 36 0
3 25 ->
4 26 375
4 27 4
4 28 0
4 29 [2]
$1,-1
4 30 [2][4]
$3FC33352A843957B,3FD13F19D1E3FE,3D9A4,C001999999999A
$3FC33352A843957B,3D68,3FD13F19D1E572,C001999999999A
4 31 127
4 32 123
4 33 167
4 34 125
4 35 0
4 36 0
3 25 ->
4 26 398
4 27 4
4 28 0
4 29 [2]
$1,-1
4 30 [2][4]
$BFE6745F3D0D9AC9,C0030010B630AA,3FD13F19D1E55A,C001999999999A
$BFE6745F3D0D9ACC,BFC66771C971,3FD13F19D1E55A,0
4 31 166
4 32 124
4 33 272
4 34 376
4 35 0
4 36 0
3 25 ->
4 26 397
4 27 4
4 28 0
4 29 [2]
$1,-1
4 30 [2][4]
$BFE6745F3D0D9AC9,C0030010B630AA,3FD13F19D1E55A,C001999999999A
$BFE6745F3D0D9ACC,BFC66771C971,3FD13F19D1E55A,0
4 31 165
4 32 123
4 33 271
4 34 375
4 35 0
4 36 0
3 25 ->
4 26 168
4 27 4
4 28 0
4 29 [2]
$1,-1
4 30 [2][4]
$BFEB443413A48AE8,C0030010B630AA,3D40CE4FFFFFFFF,3F857B67DE874
$BFE6745F3D0D9ADC,C0030010B630AA,3FC33352A84394F6,3D72
4 31 166
4 32 128
4 33 398
4 34 34
4 35 0
4 36 0
3 25 ->
4 26 167
4 27 4
4 28 0
4 29 [2]
$1,-1
4 30 [2][4]
$BFEB443413A48AE8,C0030010B630AA,3D40CE4FFFFFFFF,3F857B67DE874
$BFE6745F3D0D9ADC,C0030010B630AA,3FC33352A84394F6,3D72
4 31 165
4 32 127
4 33 397
4 34 33
4 35 0
4 36 0
3 25 ->
4 26 384
4 27 4
4 28 0
4 29 [2]
$1,-1
4 30 [2][4]
$3FD13F19D1E2F8,C001999999999A,3FC33352A8438546,3FE7B695244E52
$BD3,C001999999999A,3FC33352A8438546,3FF02B11069FE8
4 31 134
4 32 130
4 33 136
4 34 108
4 35 0
4 36 0
3 25 ->
4 26 383
4 27 4
4 28 0
4 29 [2]
$1,-1
4 30 [2][4]
$3FD13F19D1E2F8,C001999999999A,3FC33352A8438546,3FE7B695244E52
$BD3,C001999999999A,3FC33352A8438546,3FF02B11069FE8
4 31 133
4 32 129
4 33 135
4 34 107
4 35 0
4 36 0
3 25 ->
4 26 296
4 27 4
4 28 0
4 29 [2]
$1,-1
4 30 [2][4]
$BFC33F535A5B58AC,C0030010B630AA,3FC33352A8438496,3FF02B11069FE8
$BD525DF9FB65DCEF,C0030010B630AA,3D7191B0FC7CC674,3FF0001A36E2EC
4 31 170
4 32 130
4 33 402
4 34 384
4 35 0
4 36 0
3 25 ->
4 26 295
4 27 4
4 28 0
4 29 [2]
$1,-1
4 30 [2][4]
$BFC33F535A5B58AC,C0030010B630AA,3FC33352A8438496,3FF02B11069FE8
$BD525DF9FB65DCEF,C0030010B630AA,3D7191B0FC7CC674,3FF0001A36E2EC
4 31 169
4 32 129
4 33 401
4 34 383
4 35 0
4 36 0
3 25 ->
4 26 136
4 27 4
4 28 0
4 29 [2]
$1,-1
4 30 [2][4]
$BFC33F535A5B5831,BFC66771C970E,BD3,3D5
$BFC33F535A5B5839,C0030010B630AA,BD3,C001999999999A
4 31 170
4 32 134
4 33 296
4 34 382
4 35 0
4 36 0
3 25 ->
4 26 135
4 27 4
4 28 0
4 29 [2]
$1,-1
4 30 [2][4]
$BFC33F535A5B5831,BFC66771C970E,BD3,3D5
$BFC33F535A5B5839,C0030010B630AA,BD3,C001999999999A
4 31 169
4 32 133
4 33 295
4 34 381
4 35 0
4 36 0
3 25 ->
4 26 382
4 27 4
4 28 0
4 29 [2]
$1,-1
4 30 [2][4]
$BFC33352A84384D5,3FE7B695244D81,3FD13F19D1E49A,0
$BFC33352A84384D5,3FF02B11069FE88,BD38,0
4 31 138
4 32 134
4 33 404
4 34 380
4 35 0
4 36 0
3 25 ->
4 26 381
4 27 4
4 28 0
4 29 [2]
$1,-1
4 30 [2][4]
$BFC33352A84384D5,3FE7B695244D81,3FD13F19D1E49A,0
$BFC33352A84384D5,3FF02B11069FE88,BD38,0
4 31 137
4 32 133
4 33 403
4 34 379
4 35 0
4 36 0
3 25 ->
4 26 404
4 27 4
4 28 0
4 29 [2]
$1,-1
4 30 [2][4]
$BD6E2FD1B1DEF5D8,BFC66771C970E,BD7C1236549CDBCC,3FF0001A36E2EC8
$BFC33F535A5B5885,BFC66771C970E,BFC33352A8438461,3FF02B11069FE8
4 31 170
4 32 138
4 33 136
4 34 38
4 35 0
4 36 0
3 25 ->
4 26 403
4 27 4
4 28 0
4 29 [2]
$1,-1
4 30 [2][4]
$BD6E2FD1B1DEF5D8,BFC66771C970E,BD7C1236549CDBCC,3FF0001A36E2EC8
$BFC33F535A5B5885,BFC66771C970E,BFC33352A8438461,3FF02B11069FE8
4 31 169
4 32 137
4 33 135
4 34 37
4 35 0
4 36 0
3 25 ->
4 26 144
4 27 4
4 28 0
4 29 [2]
$1,-1
4 30 [16][4]
$3D68,3FF079EDED4C28,400921FB54442D18,3C707EFE4C197268
$3F4A9B8E9704,3FF0D4475E5E28,40088B4468570416,3C765B5150CB9BB8
$3F704B80F627,3FF1416228F6D4,4007D416E997B5CE,3C7C9D46370CD8C4
$3F837A93CE868,3FF1ACE4BF024,40071CE96AD86A5D,3C80F018C57015D
$3F91C88102C9A,3FF215F318693C,400665BBEC192147,3C830CA75669BD0E
$3F9C240F2546A,3FF27BB632D6A8,4005AE8E6D59CE1C,3C849FFC7ED9F92A
$3FA45D60CCB8A,3FF2DD5DC9C1BC,4004F760EE9A80FE,3C85A6DEC7778252
$3FABB96A60F67,3FF33A2200AC78,400440336FDB34EB,3C861F342AB28E3D
$3FB20B8A34FD78,3FF39144FC2D88,40038905F11BE0E5,3C86080661D3EA77
$3FB6B29FDF9BF8,3FF3E214668098,4002D1D8725C95,3C856184DD051E87
$3FBBC8707FCA1,3FF42BEADC8208,40021AAAF39D4BF7,3C842D04623A4352
$3FC0A149E2DBD4,3FF46E31402ABC,4001637D74DDFAAD,3C826CFC53C38733
$3FC38AEA0791,3FF4A85FEDD764,4000AC4FF61EABEE,3C802501A41A31B2
$3FC69B22AC2DDC,3FF4D9FFD1E264,3FFFEA44EEBEC35,3C7AB37F027BB1BA
$3FC9CBAED14BCC,3FF502AB5C5824,3FFE7BE9F140254C,3C7421DB8D445044
$3FCB6E0C305F88,3FF5138AC0EBE8,3FFDC4BC7280D62B,3C707EFE4C1A5724
4 31 142
4 32 140
4 33 406
4 34 112
4 35 0
4 36 0
3 25 ->
4 26 143
4 27 4
4 28 0
4 29 [2]
$1,-1
4 30 [16][4]
$3D68,3FF079EDED4C28,400921FB54442D18,3C707EFE4C197268
$3F4A9B8E9704,3FF0D4475E5E28,40088B4468570416,3C765B5150CB9BB8
$3F704B80F627,3FF1416228F6D4,4007D416E997B5CE,3C7C9D46370CD8C4
$3F837A93CE868,3FF1ACE4BF024,40071CE96AD86A5D,3C80F018C57015D
$3F91C88102C9A,3FF215F318693C,400665BBEC192147,3C830CA75669BD0E
$3F9C240F2546A,3FF27BB632D6A8,4005AE8E6D59CE1C,3C849FFC7ED9F92A
$3FA45D60CCB8A,3FF2DD5DC9C1BC,4004F760EE9A80FE,3C85A6DEC7778252
$3FABB96A60F67,3FF33A2200AC78,400440336FDB34EB,3C861F342AB28E3D
$3FB20B8A34FD78,3FF39144FC2D88,40038905F11BE0E5,3C86080661D3EA77
$3FB6B29FDF9BF8,3FF3E214668098,4002D1D8725C95,3C856184DD051E87
$3FBBC8707FCA1,3FF42BEADC8208,40021AAAF39D4BF7,3C842D04623A4352
$3FC0A149E2DBD4,3FF46E31402ABC,4001637D74DDFAAD,3C826CFC53C38733
$3FC38AEA0791,3FF4A85FEDD764,4000AC4FF61EABEE,3C802501A41A31B2
$3FC69B22AC2DDC,3FF4D9FFD1E264,3FFFEA44EEBEC35,3C7AB37F027BB1BA
$3FC9CBAED14BCC,3FF502AB5C5824,3FFE7BE9F140254C,3C7421DB8D445044
$3FCB6E0C305F88,3FF5138AC0EBE8,3FFDC4BC7280D62B,3C707EFE4C1A5724
4 31 141
4 32 139
4 33 405
4 34 111
4 35 0
4 36 0
3 25 ->
4 26 310
4 27 4
4 28 0
4 29 [2]
$1,-1
4 30 [2][4]
$3C98,3FF5138AC0EC48,3FFDC4BC7280A40A,3C941FBF9306524C
$3FC333333332B865,3FF5138AC0EC48,3FFDC4BC7280A40A,3FC333333332B865
4 31 174
4 32 140
4 33 300
4 34 144
4 35 0
4 36 0
3 25 ->
4 26 309
4 27 4
4 28 0
4 29 [2]
$1,-1
4 30 [2][4]
$3C98,3FF5138AC0EC48,3FFDC4BC7280A40A,3C941FBF9306524C
$3FC333333332B865,3FF5138AC0EC48,3FFDC4BC7280A40A,3FC333333332B865
4 31 173
4 32 139
4 33 299
4 34 143
4 35 0
4 36 0
3 25 ->
4 26 388
4 27 4
4 28 0
4 29 [2]
$1,-1
4 30 [16][4]
$3FCB6E0C305F28,3D7,4011B0CC37A3FE6E,3C8
$3FC8C0FB0DE86,3F7CFFFF2C9C,40116570C1AD6615,3C8
$3FC59A2A542224,3F92265CF4BA,401109DA024DBFF6,3C8
$3FC295BB05F9E,3F9F421C563C,4010AE4342EE193E,3C8
$3FBF73B4070698,3FA73C3502628,401052AC838E6FFE,3C8
$3FBA18C2588DB,3FAFD511EF1D,400FEE2B885D966F,3C8
$3FB52596CB60B8,3FB4AD065046C,400F36FE099E477,3C8
$3FB0A452C7BF1,3FB9DBD4C46AC,400E7FD08ADEFB8A,3C8
$3FA93C5D2F388,3FBF6C58DE498,400DC8A30C1FA902,3C8
$3FA236CD100D3,3FC2A9979776E,400D11758D605F5C,3C8
$3F988CA8391AE,3FC5C221CE71E,400C5A480EA10DDB,3C8
$3F8DDC6899B7,3FC8F9750E462,400BA31A8FE1BD99,3C8
$3F7E97B82EA6,3FCC48FC4FB5E,400AEBED112276C8,3C8
$3F6615E7435E,3FCFA9F102AFC,400A34BF9263240A,3C8
$3F33A865F8B8,3FD18AB476242,40097D9213A3D25B,3C8
$3D38,3FD266734E7F3,400921FB54442D18,3C8
4 31 142
4 32 146
4 33 386
4 34 148
4 35 0
4 36 0
3 25 ->
4 26 387
4 27 4
4 28 0
4 29 [2]
$1,-1
4 30 [16][4]
$3FCB6E0C305F28,3D7,4011B0CC37A3FE6E,3C8
$3FC8C0FB0DE86,3F7CFFFF2C9C,40116570C1AD6615,3C8
$3FC59A2A542224,3F92265CF4BA,401109DA024DBFF6,3C8
$3FC295BB05F9E,3F9F421C563C,4010AE4342EE193E,3C8
$3FBF73B4070698,3FA73C3502628,401052AC838E6FFE,3C8
$3FBA18C2588DB,3FAFD511EF1D,400FEE2B885D966F,3C8
$3FB52596CB60B8,3FB4AD065046C,400F36FE099E477,3C8
$3FB0A452C7BF1,3FB9DBD4C46AC,400E7FD08ADEFB8A,3C8
$3FA93C5D2F388,3FBF6C58DE498,400DC8A30C1FA902,3C8
$3FA236CD100D3,3FC2A9979776E,400D11758D605F5C,3C8
$3F988CA8391AE,3FC5C221CE71E,400C5A480EA10DDB,3C8
$3F8DDC6899B7,3FC8F9750E462,400BA31A8FE1BD99,3C8
$3F7E97B82EA6,3FCC48FC4FB5E,400AEBED112276C8,3C8
$3F6615E7435E,3FCFA9F102AFC,400A34BF9263240A,3C8
$3F33A865F8B8,3FD18AB476242,40097D9213A3D25B,3C8
$3D38,3FD266734E7F3,400921FB54442D18,3C8
4 31 141
4 32 145
4 33 385
4 34 147
4 35 0
4 36 0
3 25 ->
4 26 406
4 27 4
4 28 0
4 29 [2]
$1,-1
4 30 [2][4]
$3C8,3D68,3FCB6E0C305F2,3D68
$3C8,3FF5138AC0EC18,3FCB6E0C305F2,3FF5138AC0EC18
4 31 174
4 32 142
4 33 310
4 34 388
4 35 0
4 36 0
3 25 ->
4 26 405
4 27 4
4 28 0
4 29 [2]
$1,-1
4 30 [2][4]
$3C8,3D68,3FCB6E0C305F2,3D68
$3C8,3FF5138AC0EC18,3FCB6E0C305F2,3FF5138AC0EC18
4 31 173
4 32 141
4 33 309
4 34 387
4 35 0
4 36 0
3 25 ->
4 26 148
4 27 4
4 28 0
4 29 [2]
$1,-1
4 30 [2][4]
$3FC333333332EB95,3D6,4011B0CC37A3FF3B,3FC333333332EB95
$3C8,3D6,4011B0CC37A3FF3B,3C8
4 31 174
4 32 146
4 33 406
4 34 302
4 35 0
4 36 0
3 25 ->
4 26 147
4 27 4
4 28 0
4 29 [2]
$1,-1
4 30 [2][4]
$3FC333333332EB95,3D6,4011B0CC37A3FF3B,3FC333333332EB95
$3C8,3D6,4011B0CC37A3FF3B,3C8
4 31 173
4 32 145
4 33 405
4 34 301
4 35 0
4 36 0
3 25 ->
4 26 154
4 27 4
4 28 0
4 29 [2]
$1,-1
4 30 [16][4]
$3FCB6E0C305FF8,3FD266734E7F3,401921FB54442D18,0
$3FCB5370A1C94,3FD0FD0D8A36A,4018D69FDE4D7A17,0
$3FCAEBB028AEF8,3FCE9144BFA8,40187B091EEDD572,0
$3FCA3662F377AC,3FCB35300F4CA,40181F725F8E2EC9,0
$3FC934FC1006CC,3FC7ECBD4414A,4017C3DBA02E8556,0
$3FC7E98A4BB718,3FC4BEA470A98,40176844E0CEE143,0
$3FC656B3FD31B4,3FC1B167B950E,40170CAE216F390F,0
$3FC47FB198223,3FBD968C03F64,4016B117620F94AD,0
$3FC2684715E1,3FB8245C4BE58,40165580A2AFEC8F,0
$3FC014BC4091B4,3FB31765A6B48,4015F9E9E3504473,0
$3FBB13A7E0F538,3FACF3FC8D3B,40159E5323F09DAF,0
$3FB599849B0788,3FA4AB3018258,401542BC6490F947,0
$3FAF8C88A33A4,3F9ACAB4C522,4014E725A53152BC,0
$3FA34BA610C6C,3F8CC57784C2,40148B8EE5D1AACF,0
$3F8A25D5F13B8,3F70DF6493C8,40142FF82672039F,0
$0,3D5,4014022CC6C22FFC,0
4 31 152
4 32 150
4 33 408
4 34 116
4 35 0
4 36 0
3 25 ->
4 26 153
4 27 4
4 28 0
4 29 [2]
$1,-1
4 30 [16][4]
$3FCB6E0C305FF8,3FD266734E7F3,401921FB54442D18,0
$3FCB5370A1C94,3FD0FD0D8A36A,4018D69FDE4D7A17,0
$3FCAEBB028AEF8,3FCE9144BFA8,40187B091EEDD572,0
$3FCA3662F377AC,3FCB35300F4CA,40181F725F8E2EC9,0
$3FC934FC1006CC,3FC7ECBD4414A,4017C3DBA02E8556,0
$3FC7E98A4BB718,3FC4BEA470A98,40176844E0CEE143,0
$3FC656B3FD31B4,3FC1B167B950E,40170CAE216F390F,0
$3FC47FB198223,3FBD968C03F64,4016B117620F94AD,0
$3FC2684715E1,3FB8245C4BE58,40165580A2AFEC8F,0
$3FC014BC4091B4,3FB31765A6B48,4015F9E9E3504473,0
$3FBB13A7E0F538,3FACF3FC8D3B,40159E5323F09DAF,0
$3FB599849B0788,3FA4AB3018258,401542BC6490F947,0
$3FAF8C88A33A4,3F9ACAB4C522,4014E725A53152BC,0
$3FA34BA610C6C,3F8CC57784C2,40148B8EE5D1AACF,0
$3F8A25D5F13B8,3F70DF6493C8,40142FF82672039F,0
$0,3D5,4014022CC6C22FFC,0
4 31 151
4 32 149
4 33 407
4 34 115
4 35 0
4 36 0
3 25 ->
4 26 286
4 27 4
4 28 0
4 29 [2]
$1,-1
4 30 [2][4]
$0,BFF5138AC0ECA,4014022CC6C22FFC,0
$BFC3333333339667,BFF5138AC0ECA,4014022CC6C22FFC,3FC3333333339667
4 31 188
4 32 150
4 33 276
4 34 154
4 35 0
4 36 0
3 25 ->
4 26 285
4 27 4
4 28 0
4 29 [2]
$1,-1
4 30 [2][4]
$0,BFF5138AC0ECA,4014022CC6C22FFC,0
$BFC3333333339667,BFF5138AC0ECA,4014022CC6C22FFC,3FC3333333339667
4 31 187
4 32 149
4 33 275
4 34 153
4 35 0
4 36 0
3 25 ->
4 26 392
4 27 4
4 28 0
4 29 [2]
$1,-1
4 30 [16][4]
$BD6B,3FF5138AC0EBF,3FF47F3A3607BE23,3C707EFE4C193338
$3F95688913B84,3FF4F68AC1BF6,3FF351CC5E2D1C01,3C765B5150CCF562
$3FA74F8770F5,3FF4CAF14D191,3FF1E37160AE8007,3C7C9D46370DE1DA
$3FB1B0A254CB1,3FF496824F9304,3FF07516632FE28E,3C80F018C570AC06
$3FB7686459B83,3FF459A918D8E4,3FEE0D76CB629002,3C830CA7566A2DCA
$3FBCC35608311,3FF414E231730C,3FEB30C0D06557C3,3C849FFC7EDA3F38
$3FC0DB40CAAF04,3FF3C8BA5BE788,3FE8540AD568247A,3C85A6DEC777B773
$3FC31BE2CC7FD4,3FF375CD74A544,3FE57754DA6AE296,3C861F342AB2A5EF
$3FC51EF4E49138,3FF31CC533075C,3FE29A9EDF6DBE3E,3C86080661D3EC5
$3FC6E058EC5C0C,3FF2BE57CDFD14,3FDF7BD1C8E104AC,3C856184DD050E7E
$3FC85C77293BF8,3FF25B46871DB4,3FD9C265D2E68BEE,3C842D04623A201D
$3FC99045A6C3E4,3FF1F45C1F233,3FD408F9DCEC52C3,3C826CFC53C3592E
$3FCA794E6EEA24,3FF18A6B36F534,3FCC9F1BCDE3E917,3C802501A419F08
$3FCB15B49351DC,3FF11E4CA095F8,3FC12C43E1EED8D7,3C7AB37F027AE52
$3FCB6437FD62F4,3FF0B0DDA362EC,3FA6E5AFD7E917B2,3C7421DB8D43A2A
$3FCB6E0C305F44,3FF079EDED4C28,0,3C707EFE4C19974C
4 31 152
4 32 156
4 33 390
4 34 158
4 35 0
4 36 0
3 25 ->
4 26 391
4 27 4
4 28 0
4 29 [2]
$1,-1
4 30 [16][4]
$BD6B,3FF5138AC0EBF,3FF47F3A3607BE23,3C707EFE4C193338
$3F95688913B84,3FF4F68AC1BF6,3FF351CC5E2D1C01,3C765B5150CCF562
$3FA74F8770F5,3FF4CAF14D191,3FF1E37160AE8007,3C7C9D46370DE1DA
$3FB1B0A254CB1,3FF496824F9304,3FF07516632FE28E,3C80F018C570AC06
$3FB7686459B83,3FF459A918D8E4,3FEE0D76CB629002,3C830CA7566A2DCA
$3FBCC35608311,3FF414E231730C,3FEB30C0D06557C3,3C849FFC7EDA3F38
$3FC0DB40CAAF04,3FF3C8BA5BE788,3FE8540AD568247A,3C85A6DEC777B773
$3FC31BE2CC7FD4,3FF375CD74A544,3FE57754DA6AE296,3C861F342AB2A5EF
$3FC51EF4E49138,3FF31CC533075C,3FE29A9EDF6DBE3E,3C86080661D3EC5
$3FC6E058EC5C0C,3FF2BE57CDFD14,3FDF7BD1C8E104AC,3C856184DD050E7E
$3FC85C77293BF8,3FF25B46871DB4,3FD9C265D2E68BEE,3C842D04623A201D
$3FC99045A6C3E4,3FF1F45C1F233,3FD408F9DCEC52C3,3C826CFC53C3592E
$3FCA794E6EEA24,3FF18A6B36F534,3FCC9F1BCDE3E917,3C802501A419F08
$3FCB15B49351DC,3FF11E4CA095F8,3FC12C43E1EED8D7,3C7AB37F027AE52
$3FCB6437FD62F4,3FF0B0DDA362EC,3FA6E5AFD7E917B2,3C7421DB8D43A2A
$3FCB6E0C305F44,3FF079EDED4C28,0,3C707EFE4C19974C
4 31 151
4 32 155
4 33 389
4 34 157
4 35 0
4 36 0
3 25 ->
4 26 408
4 27 4
4 28 0
4 29 [2]
$1,-1
4 30 [2][4]
$0,BDA18,0,3FF5138AC0EC18
$0,BFF5138AC0ECA,0,3D5
4 31 188
4 32 152
4 33 286
4 34 392
4 35 0
4 36 0
3 25 ->
4 26 407
4 27 4
4 28 0
4 29 [2]
$1,-1
4 30 [2][4]
$0,BDA18,0,3FF5138AC0EC18
$0,BFF5138AC0ECA,0,3D5
4 31 187
4 32 151
4 33 285
4 34 391
4 35 0
4 36 0
3 25 ->
4 26 158
4 27 4
4 28 0
4 29 [2]
$1,-1
4 30 [2][4]
$BFC3333333339667,BD97,3FF47F3A3607E847,3FC3333333339667
$BC9,BD97,3FF47F3A3607E847,3C883F7F260C2FEF
4 31 188
4 32 156
4 33 408
4 34 278
4 35 0
4 36 0
3 25 ->
4 26 157
4 27 4
4 28 0
4 29 [2]
$1,-1
4 30 [2][4]
$BFC3333333339667,BD97,3FF47F3A3607E847,3FC3333333339667
$BC9,BD97,3FF47F3A3607E847,3C883F7F260C2FEF
4 31 187
4 32 155
4 33 407
4 34 277
4 35 0
4 36 0
3 25 ->
4 26 164
4 27 4
4 28 0
4 29 [2]
$1,-1
4 30 [2][4]
$400921FB54442D4D,4009026D4C02468F,400921FB54442D4D,4009026D4C03D52D
$400921FB54442D5C,400368D5A9BC7DFB,400921FB54442D5C,400368D5A9BDE5C
4 31 160
4 32 162
4 33 120
4 34 410
4 35 0
4 36 0
3 25 ->
4 26 163
4 27 4
4 28 0
4 29 [2]
$1,-1
4 30 [2][4]
$400921FB54442D4D,4009026D4C02468F,400921FB54442D4D,4009026D4C03D52D
$400921FB54442D5C,400368D5A9BC7DFB,400921FB54442D5C,400368D5A9BDE5C
4 31 159
4 32 161
4 33 119
4 34 409
4 35 0
4 36 0
3 25 ->
4 26 198
4 27 4
4 28 0
4 29 [2]
$1,-1
4 30 [142][4]
$3FF8F96291AB508,3FC1FE1B38788,400921FB54442D4D,4009026D4C105DC7
$3FF967051FE392,3FC207E399C34,40094FAA67A1C43E,4009026D4C105DDB
$3FF9D4DD74796E,3FC22553B3B9C,40097D75BB9868B,4009026D4C105E2E
$3FFA4299B19212,3FC25667C589E,4009AB410F8F0D08,4009026D4C105DF8
$3FFAB02BCB96588,3FC29B198718E,4009D90C6385B17B,4009026D4C105D9
$3FFB1D85BC53C6,3FC2F3602D8F4,400A06D7B77C5607,4009026D4C105D65
$3FFB8A9984C80C,3FC35F306C78E,400A34A30B72FA55,4009026D4C105DCA
$3FFBF7592EEBA4,3FC3DE7C77378,400A626E5F699EC2,4009026D4C105D73
$3FFC63B6CF7B428,3FC4713402C62,400A9039B3604358,4009026D4C105D98
$3FFCCFA487BFE58,3FC5174447CFA,400ABE050756E7E8,4009026D4C105DC5
$3FFD3B1487555,3FC5D0980515C,400AEBD05B4D8BE8,4009026D4C105D9D
$3FFDA5F90DEEA9,3FC69D1782296,400B199BAF44308C,4009026D4C105DBE
$3FFE10446D190E,3FC77CA892742,400B4767033AD4A2,4009026D4C105DA9
$3FFE79E909FBDC,3FC86F2E9891A,400B753257317908,4009026D4C105DB8
$3FFEE2D95F16778,3FC9748A89F96,400BA2FDAB281D9C,4009026D4C105DAA
$3FFF4B07FDFB568,3FCA8C9AF2F7A,400BD0C8FF1EC1C3,4009026D4C105DB6
$3FFFB26791081C,3FCBB73BFAF5A,400BFE94531566C2,4009026D4C105DE5
$40000C756E8D3EC,3FCCF44769102,400C2C5FA70C0B14,4009026D4C105DF5
$40003F4261A0E74,3FCE4394A8FBC,400C5A2AFB02AF1F,4009026D4C105DAA
$400071942136758,3FCFA4F8D0368,400C87F64EF9540D,4009026D4C105D64
$4000A3643C8A26C,3FD08C2351C3,400CB5C1A2EFF80E,4009026D4C105DA1
$4000D4AC53701,3FD14EA74E60F,400CE38CF6E69CD6,4009026D4C105D95
$40010566172505,3FD219EF78743,400D11584ADD417C,4009026D4C105DB8
$4001358B4B1D47,3FD2EDE1CB3F3,400D3F239ED3E526,4009026D4C105DA6
$40016515C5D0DBC,3FD3CA63261C,400D6CEEF2CA89DB,4009026D4C105DEA
$400193FF7185774,3FD4AF574FF57,400D9ABA46C12E0F,4009026D4C105D94
$4001C2424D15DD8,3FD59CA0FAE37,400DC8859AB7D2A9,4009026D4C105DED
$4001EFD86CB69E8,3FD69221C7EBC,400DF650EEAE7763,4009026D4C105D86
$40021CBBFAB81AC,3FD78FBA4AE48,400E241C42A51C24,4009026D4C105DBB
$400248E73845B04,3FD8954A0E7A4,400E51E7969BBEE5,4009026D4C105E42
$400274547E21FD,3FD9A2AF98578,400E7FB2EA9264CF,4009026D4C105DCA
$40029EFE3D60198,3FDAB7C86D6D2,400EAD7E3E890907,4009026D4C105DD4
$4002C8DF0019BA4,3FDBD471165CD,400EDB49927FAE11,4009026D4C105D9F
$4002F1F16A221A,3FDCF8852402B,400F0914E67651F8,4009026D4C105DCB
$40031A3039B59B4,3FDE23DF341F7,400F36E03A6CF669,4009026D4C105DD9
$40034196482606C,3FDF5658F6211,400F64AB8E639B06,4009026D4C105D61
$4003681E8A8355,3FE047E5980508,400F9276E25A3DF7,4009026D4C105E24
$40038DC41240E78,3FE0E806E1BBC,400FC0423650E35B,4009026D4C105DEC
$4003B2820DD722,3FE18B7BD96148,400FEE0D8A4787B6,4009026D4C105DEA
$4003D653C9614D,3FE2322F932028,40100DEC6F1F15B6,4009026D4C105E13
$4003F934AF37ABC,3FE2DC0CB8CE48,401024D2191A683,4009026D4C105DF4
$40041B204885B4C,3FE388FD8CA7F8,40103BB7C315BA6F,4009026D4C105DFD
$40043C123DDC57,3FE438EBEC1868,4010529D6D110C74,4009026D4C105DFD
$40045C0657C03D4,3FE4EBC1528EE8,40106983170C5E92,4009026D4C105E13
$40047AF87F33F54,3FE5A166DC60B8,40108068C107B0E4,4009026D4C105DF4
$400498E4BE3DF4C,3FE659C549B7,4010974E6B0302E2,4009026D4C105E15
$4004B5C7406A5E8,3FE714C50188B,4010AE3414FE558A,4009026D4C105DDD
$4004D19C5348824,3FE7D24E149F9,4010C519BEF9A799,4009026D4C105DF7
$4004EC6066E3FDC,3FE8924840A8A8,4010DBFF68F4FA29,4009026D4C105DD5
$400506100E3977C,3FE9549AF34EF8,4010F2E512F04C5,4009026D4C105DEA
$40051EA7FFA6DE4,3FEA192D4D60B,401109CABCEB9E3C,4009026D4C105DF5
$40053625155721C,3FEADFE625FE2,401120B066E6F09C,4009026D4C105DE1
$40054C844DA9578,3FEBA8AC0DD208,4011379610E242E4,4009026D4C105DE8
$400561C2CB933B4,3FEC736552531,40114E7BBADD94EC,4009026D4C105DF5
$400575DDD6FF034,3FED3FF8010DC8,4011656164D8E712,4009026D4C105E0A
$400588D2DD24768,3FEE0E49EAF6D,40117C470ED4397E,4009026D4C105DF5
$40059A9F70DD404,3FEEDE40A7C4C,4011932CB8CF8B28,4009026D4C105E17
$4005AB414AF46F4,3FEFAFC199519,4011AA1262CADDE,4009026D4C105DFA
$4005BAB64A711B8,3FF04158F7814,4011C0F80CC62F41,4009026D4C105E1E
$4005C8FC74DC278,3FF0AB7B549B88,4011D7DDB6C1825B,4009026D4C105DFC
$4005D611F681118,3FF1163A4E5E9C,4011EEC360BCD46A,4009026D4C105DF9
$4005E1F522A9D28,3FF181883B26,401205A90AB8271D,4009026D4C105DEE
$4005ECA473D5BB8,3FF1ED575F0148,40121C8EB4B37921,4009026D4C105E03
$4005F61E8BEB50C,3FF25999ED763,401233745EAECA66,4009026D4C105E22
$4005FE623465198,3FF2C6420B44C,40124A5A08AA1CAF,4009026D4C105E21
$4006056E5E795DC,3FF33341D02D4,4012613FB2A56FFA,4009026D4C105DFE
$40060B42233CCFC,3FF3A08B48B7E4,401278255CA0C1D3,4009026D4C105E0E
$40060FDCC3C0194,3FF40E1077FE0C,40128F0B069C143C,4009026D4C105E03
$4006133DA9284D,3FF47BC3597474,4012A5F0B097663A,4009026D4C105E11
$4006156464C2344,3FF4E995E2B698,4012BCD65A92B84C,4009026D4C105E16
$40061650B0107B,3FF5577A0552B8,4012D3BC048E0A62,4009026D4C105E14
$400616026CD4B58,3FF5C561B0967,4012EAA1AE895CED,4009026D4C105E21
$40061479A5133E8,3FF6333ED35B8C,401301875884AF1A,4009026D4C105E21
$400611B68B11F,3FF6A1035DD5,4013186D02800178,4009026D4C105E1F
$40060DB97951B3C,3FF70EA1435B98,40132F52AC7B52C9,4009026D4C105E2
$40060882F282ECC,3FF77C0A7C3A68,401346385676A501,4009026D4C105E0D
$40060213A174BF4,3FF7E931077A64,40135D1E0071F709,4009026D4C105E0E
$4005FA6C58FF32,3FF85606ECAD5,40137403AA6D4986,4009026D4C105E2D
$4005F18E13E831C,3FF8C27E3DB774,40138AE954689C04,4009026D4C105E1F
$4005E779F4C37AC,3FF92E8918981,4013A1CEFE63EE06,4009026D4C105E15
$4005DC3145CD654,3FF99A19A93044,4013B8B4A85F4011,4009026D4C105E2
$4005CFB578C0A18,3FFA05222B0824,4013CF9A525A922D,4009026D4C105E28
$4005C20826A6E58,3FFA6F94EB11D8,4013E67FFC55E4EE,4009026D4C105E2F
$4005B32B0FA4938,3FFAD964496A7,4013FD65A65136BE,4009026D4C105E27
$4005A3201ABF5C,3FFB4282BB1868,4014144B504C8928,4009026D4C105E3D
$400591E9559FE94,3FFBAAE2CBC75,40142B30FA47DBC3,4009026D4C105E4F
$40057F88F44E97C,3FFC12771F80A8,40144216A4432CDC,4009026D4C105DFD
$40056C0150EB44C,3FFC79327461B8,401458FC4E3E7FCB,4009026D4C105E4
$40055754EB603C4,3FFCDF07A44DC,40146FE1F839D1D7,4009026D4C105E31
$40054186691053,3FFD43E9A69CFC,401486C7A23523D,4009026D4C105E24
$40052A989480324,3FFDA7CB91C7A4,40149DAD4C3076BF,4009026D4C105E6A
$4005128E5CFAE3C,3FFE0AA09D0CF4,4014B492F62BC8C,4009026D4C105E56
$4004F96AD631A9C,3FFE6C5C221628,4014CB78A0271AA,4009026D4C105E39
$4004DF3137D72C8,3FFECCF19E94EC,4014E25E4A226D3A,4009026D4C105E5D
$4004C3E4DD360D8,3FFF2C54B5DD3,4014F943F41DBF3,4009026D4C105E47
$4004A78944C2EBC,3FFF8A79327A48,401510299E1910E2,4009026D4C105E19
$40048A220FA9E7C,3FFFE75307BEF,4015270F4814634A,4009026D4C105E31
$40046BB30157B68,4000216B29A80A,40153DF4F20FB636,4009026D4C105E7C
$40044C3FFEFE524,40004E7BAF551A,401554DA9C0B07E,4009026D4C105E47
$40042BCD0F15578,40007AD55050A4,40156BC046065ABA,4009026D4C105E92
$40040A5E58D6214,4000A6725F6D48,401582A5F001ABB4,4009026D4C105DFE
$4003E7F823B3B38,4000D14D47A064,4015998B99FCFE62,4009026D4C105E39
$4003C49ED6CE854,4000FB608CB8E,4015B07143F8508D,4009026D4C105E38
$4003A056F8643D4,400124A6CC12FA,4015C756EDF3A23F,4009026D4C105DF
$40037B252D3B734,40014D1ABD48BA,4015DE3C97EEF555,4009026D4C105E6E
$4003550E380B884,400174B732DEFC,4015F52241EA4782,4009026D4C105E6A
$40032E16F8E0AA4,40019B771AEF28,40160C07EBE5995,4009026D4C105E3A
$400306446C7C164,4001C1557FCD4C,401622ED95E0EB94,4009026D4C105EA5
$4002DD9BABB0AE,4001E64D88AA94,401639D33FDC3E1E,4009026D4C105E6A
$4002B421EABBF8,40020A5A7A342A,401650B8E9D79042,4009026D4C105E72
$400289DC789B98,40022D77B72E34,4016679E93D2E1F1,4009026D4C105E1A
$40025ED0BE5F61,40024FA0C10B0E,40167E843DCE3449,4009026D4C105E3B
$400233043E780CC,400270D1387E84,40169569E7C986CC,4009026D4C105E83
$4002067C9402B6,40029104DE0D18,4016AC4F91C4D8C3,4009026D4C105E5E
$4001D93F7211294,4002B037929738,4016C3353BC02B11,4009026D4C105E6B
$4001AB52A2EF248,4002CE6557E044,4016DA1AE5BB7D63,4009026D4C105EC2
$40017CBC07649FC,4002EB8A511162,4016F1008FB6CF7A,4009026D4C105E71
$40014D8195F5308,400307A2C3381A,401707E639B2218,4009026D4C105E41
$40011DA95A1CAB,400322AB15C086,40171ECBE3AD73FC,4009026D4C105E86
$4000ED3973890F8,40033C9FD2EB24,401735B18DA8C5DE,4009026D4C105E42
$4000BC381551E4,4003557DA83E4,40174C9737A417F2,4009026D4C105E93
$40008AAB852D118,40036D4166F2C,4017637CE19F6A6,4009026D4C105E66
$4000589A1AA16,400383E8045C7A,40177A628B9ABC94,4009026D4C105E68
$4000260A3E36A9,4003996E9A4DD6,4017914835960EBF,4009026D4C105E7C
$3FFFE604D147BB8,4003ADD26776CE,4017A82DDF9160E2,4009026D4C105E43
$3FFF7F1243F5F9,4003C110CFBF38,4017BF13898CB329,4009026D4C105E68
$3FFF174A01A6188,4003D3275C9C42,4017D5F933880552,4009026D4C105E6
$3FFEAEB952E07C,4003E413BD612C,4017ECDEDD835768,4009026D4C105E2D
$3FFE456D99D49D8,4003F3D3C78B24,401803C4877EA997,4009026D4C105EA
$3FFDDB7450A286,40040265770836,40181AAA3179FBAE,4009026D4C105E47
$3FFD70DB07A1368,40040FC6EE796A,4018318FDB754E1F,4009026D4C105EBE
$3FFD05AF63A23D,40041BF6776FCA,401848758570A05D,4009026D4C105E8
$3FFC99FF1C32A3,400426F282A492,40185F5B2F6BF25B,4009026D4C105EB1
$3FFC2DD7F9D9798,400430B9A82C3E,40187640D96744AC,4009026D4C105EF8
$3FFBC147D4543D,4004394AA7A49E,40188D26836296C,4009026D4C105E8C
$3FFB545C90D13F,400440A4685DDE,4018A40C2D5DE8E8,4009026D4C105E28
$3FFAE72420285E,400446C5F97E6E,4018BAF1D7593B2F,4009026D4C105E7B
$3FFA79AC7D123C,40044BAE9221D2,4018D1D781548D71,4009026D4C105EE5
$3FFA0C03AA5E318,40044F5D91725A,4018E8BD2B4FDF75,4009026D4C105DF9
$3FF99E37B127378,400451D27EBDC8,4018FFA2D54B31B9,4009026D4C105EDB
$3FF930569F0806,4004530D0984A2,401916887F4683F2,4009026D4C105E55
$3FF8F96291AB508,400453345BCF12,401921FB54442CFD,4009026D4C105E72
4 31 194
4 32 160
4 33 410
4 34 164
4 35 0
4 36 0
3 25 ->
4 26 197
4 27 4
4 28 0
4 29 [2]
$1,-1
4 30 [142][4]
$3FF8F96291AB508,3FC1FE1B38788,400921FB54442D4D,4009026D4C105DC7
$3FF967051FE392,3FC207E399C34,40094FAA67A1C43E,4009026D4C105DDB
$3FF9D4DD74796E,3FC22553B3B9C,40097D75BB9868B,4009026D4C105E2E
$3FFA4299B19212,3FC25667C589E,4009AB410F8F0D08,4009026D4C105DF8
$3FFAB02BCB96588,3FC29B198718E,4009D90C6385B17B,4009026D4C105D9
$3FFB1D85BC53C6,3FC2F3602D8F4,400A06D7B77C5607,4009026D4C105D65
$3FFB8A9984C80C,3FC35F306C78E,400A34A30B72FA55,4009026D4C105DCA
$3FFBF7592EEBA4,3FC3DE7C77378,400A626E5F699EC2,4009026D4C105D73
$3FFC63B6CF7B428,3FC4713402C62,400A9039B3604358,4009026D4C105D98
$3FFCCFA487BFE58,3FC5174447CFA,400ABE050756E7E8,4009026D4C105DC5
$3FFD3B1487555,3FC5D0980515C,400AEBD05B4D8BE8,4009026D4C105D9D
$3FFDA5F90DEEA9,3FC69D1782296,400B199BAF44308C,4009026D4C105DBE
$3FFE10446D190E,3FC77CA892742,400B4767033AD4A2,4009026D4C105DA9
$3FFE79E909FBDC,3FC86F2E9891A,400B753257317908,4009026D4C105DB8
$3FFEE2D95F16778,3FC9748A89F96,400BA2FDAB281D9C,4009026D4C105DAA
$3FFF4B07FDFB568,3FCA8C9AF2F7A,400BD0C8FF1EC1C3,4009026D4C105DB6
$3FFFB26791081C,3FCBB73BFAF5A,400BFE94531566C2,4009026D4C105DE5
$40000C756E8D3EC,3FCCF44769102,400C2C5FA70C0B14,4009026D4C105DF5
$40003F4261A0E74,3FCE4394A8FBC,400C5A2AFB02AF1F,4009026D4C105DAA
$400071942136758,3FCFA4F8D0368,400C87F64EF9540D,4009026D4C105D64
$4000A3643C8A26C,3FD08C2351C3,400CB5C1A2EFF80E,4009026D4C105DA1
$4000D4AC53701,3FD14EA74E60F,400CE38CF6E69CD6,4009026D4C105D95
$40010566172505,3FD219EF78743,400D11584ADD417C,4009026D4C105DB8
$4001358B4B1D47,3FD2EDE1CB3F3,400D3F239ED3E526,4009026D4C105DA6
$40016515C5D0DBC,3FD3CA63261C,400D6CEEF2CA89DB,4009026D4C105DEA
$400193FF7185774,3FD4AF574FF57,400D9ABA46C12E0F,4009026D4C105D94
$4001C2424D15DD8,3FD59CA0FAE37,400DC8859AB7D2A9,4009026D4C105DED
$4001EFD86CB69E8,3FD69221C7EBC,400DF650EEAE7763,4009026D4C105D86
$40021CBBFAB81AC,3FD78FBA4AE48,400E241C42A51C24,4009026D4C105DBB
$400248E73845B04,3FD8954A0E7A4,400E51E7969BBEE5,4009026D4C105E42
$400274547E21FD,3FD9A2AF98578,400E7FB2EA9264CF,4009026D4C105DCA
$40029EFE3D60198,3FDAB7C86D6D2,400EAD7E3E890907,4009026D4C105DD4
$4002C8DF0019BA4,3FDBD471165CD,400EDB49927FAE11,4009026D4C105D9F
$4002F1F16A221A,3FDCF8852402B,400F0914E67651F8,4009026D4C105DCB
$40031A3039B59B4,3FDE23DF341F7,400F36E03A6CF669,4009026D4C105DD9
$40034196482606C,3FDF5658F6211,400F64AB8E639B06,4009026D4C105D61
$4003681E8A8355,3FE047E5980508,400F9276E25A3DF7,4009026D4C105E24
$40038DC41240E78,3FE0E806E1BBC,400FC0423650E35B,4009026D4C105DEC
$4003B2820DD722,3FE18B7BD96148,400FEE0D8A4787B6,4009026D4C105DEA
$4003D653C9614D,3FE2322F932028,40100DEC6F1F15B6,4009026D4C105E13
$4003F934AF37ABC,3FE2DC0CB8CE48,401024D2191A683,4009026D4C105DF4
$40041B204885B4C,3FE388FD8CA7F8,40103BB7C315BA6F,4009026D4C105DFD
$40043C123DDC57,3FE438EBEC1868,4010529D6D110C74,4009026D4C105DFD
$40045C0657C03D4,3FE4EBC1528EE8,40106983170C5E92,4009026D4C105E13
$40047AF87F33F54,3FE5A166DC60B8,40108068C107B0E4,4009026D4C105DF4
$400498E4BE3DF4C,3FE659C549B7,4010974E6B0302E2,4009026D4C105E15
$4004B5C7406A5E8,3FE714C50188B,4010AE3414FE558A,4009026D4C105DDD
$4004D19C5348824,3FE7D24E149F9,4010C519BEF9A799,4009026D4C105DF7
$4004EC6066E3FDC,3FE8924840A8A8,4010DBFF68F4FA29,4009026D4C105DD5
$400506100E3977C,3FE9549AF34EF8,4010F2E512F04C5,4009026D4C105DEA
$40051EA7FFA6DE4,3FEA192D4D60B,401109CABCEB9E3C,4009026D4C105DF5
$40053625155721C,3FEADFE625FE2,401120B066E6F09C,4009026D4C105DE1
$40054C844DA9578,3FEBA8AC0DD208,4011379610E242E4,4009026D4C105DE8
$400561C2CB933B4,3FEC736552531,40114E7BBADD94EC,4009026D4C105DF5
$400575DDD6FF034,3FED3FF8010DC8,4011656164D8E712,4009026D4C105E0A
$400588D2DD24768,3FEE0E49EAF6D,40117C470ED4397E,4009026D4C105DF5
$40059A9F70DD404,3FEEDE40A7C4C,4011932CB8CF8B28,4009026D4C105E17
$4005AB414AF46F4,3FEFAFC199519,4011AA1262CADDE,4009026D4C105DFA
$4005BAB64A711B8,3FF04158F7814,4011C0F80CC62F41,4009026D4C105E1E
$4005C8FC74DC278,3FF0AB7B549B88,4011D7DDB6C1825B,4009026D4C105DFC
$4005D611F681118,3FF1163A4E5E9C,4011EEC360BCD46A,4009026D4C105DF9
$4005E1F522A9D28,3FF181883B26,401205A90AB8271D,4009026D4C105DEE
$4005ECA473D5BB8,3FF1ED575F0148,40121C8EB4B37921,4009026D4C105E03
$4005F61E8BEB50C,3FF25999ED763,401233745EAECA66,4009026D4C105E22
$4005FE623465198,3FF2C6420B44C,40124A5A08AA1CAF,4009026D4C105E21
$4006056E5E795DC,3FF33341D02D4,4012613FB2A56FFA,4009026D4C105DFE
$40060B42233CCFC,3FF3A08B48B7E4,401278255CA0C1D3,4009026D4C105E0E
$40060FDCC3C0194,3FF40E1077FE0C,40128F0B069C143C,4009026D4C105E03
$4006133DA9284D,3FF47BC3597474,4012A5F0B097663A,4009026D4C105E11
$4006156464C2344,3FF4E995E2B698,4012BCD65A92B84C,4009026D4C105E16
$40061650B0107B,3FF5577A0552B8,4012D3BC048E0A62,4009026D4C105E14
$400616026CD4B58,3FF5C561B0967,4012EAA1AE895CED,4009026D4C105E21
$40061479A5133E8,3FF6333ED35B8C,401301875884AF1A,4009026D4C105E21
$400611B68B11F,3FF6A1035DD5,4013186D02800178,4009026D4C105E1F
$40060DB97951B3C,3FF70EA1435B98,40132F52AC7B52C9,4009026D4C105E2
$40060882F282ECC,3FF77C0A7C3A68,401346385676A501,4009026D4C105E0D
$40060213A174BF4,3FF7E931077A64,40135D1E0071F709,4009026D4C105E0E
$4005FA6C58FF32,3FF85606ECAD5,40137403AA6D4986,4009026D4C105E2D
$4005F18E13E831C,3FF8C27E3DB774,40138AE954689C04,4009026D4C105E1F
$4005E779F4C37AC,3FF92E8918981,4013A1CEFE63EE06,4009026D4C105E15
$4005DC3145CD654,3FF99A19A93044,4013B8B4A85F4011,4009026D4C105E2
$4005CFB578C0A18,3FFA05222B0824,4013CF9A525A922D,4009026D4C105E28
$4005C20826A6E58,3FFA6F94EB11D8,4013E67FFC55E4EE,4009026D4C105E2F
$4005B32B0FA4938,3FFAD964496A7,4013FD65A65136BE,4009026D4C105E27
$4005A3201ABF5C,3FFB4282BB1868,4014144B504C8928,4009026D4C105E3D
$400591E9559FE94,3FFBAAE2CBC75,40142B30FA47DBC3,4009026D4C105E4F
$40057F88F44E97C,3FFC12771F80A8,40144216A4432CDC,4009026D4C105DFD
$40056C0150EB44C,3FFC79327461B8,401458FC4E3E7FCB,4009026D4C105E4
$40055754EB603C4,3FFCDF07A44DC,40146FE1F839D1D7,4009026D4C105E31
$40054186691053,3FFD43E9A69CFC,401486C7A23523D,4009026D4C105E24
$40052A989480324,3FFDA7CB91C7A4,40149DAD4C3076BF,4009026D4C105E6A
$4005128E5CFAE3C,3FFE0AA09D0CF4,4014B492F62BC8C,4009026D4C105E56
$4004F96AD631A9C,3FFE6C5C221628,4014CB78A0271AA,4009026D4C105E39
$4004DF3137D72C8,3FFECCF19E94EC,4014E25E4A226D3A,4009026D4C105E5D
$4004C3E4DD360D8,3FFF2C54B5DD3,4014F943F41DBF3,4009026D4C105E47
$4004A78944C2EBC,3FFF8A79327A48,401510299E1910E2,4009026D4C105E19
$40048A220FA9E7C,3FFFE75307BEF,4015270F4814634A,4009026D4C105E31
$40046BB30157B68,4000216B29A80A,40153DF4F20FB636,4009026D4C105E7C
$40044C3FFEFE524,40004E7BAF551A,401554DA9C0B07E,4009026D4C105E47
$40042BCD0F15578,40007AD55050A4,40156BC046065ABA,4009026D4C105E92
$40040A5E58D6214,4000A6725F6D48,401582A5F001ABB4,4009026D4C105DFE
$4003E7F823B3B38,4000D14D47A064,4015998B99FCFE62,4009026D4C105E39
$4003C49ED6CE854,4000FB608CB8E,4015B07143F8508D,4009026D4C105E38
$4003A056F8643D4,400124A6CC12FA,4015C756EDF3A23F,4009026D4C105DF
$40037B252D3B734,40014D1ABD48BA,4015DE3C97EEF555,4009026D4C105E6E
$4003550E380B884,400174B732DEFC,4015F52241EA4782,4009026D4C105E6A
$40032E16F8E0AA4,40019B771AEF28,40160C07EBE5995,4009026D4C105E3A
$400306446C7C164,4001C1557FCD4C,401622ED95E0EB94,4009026D4C105EA5
$4002DD9BABB0AE,4001E64D88AA94,401639D33FDC3E1E,4009026D4C105E6A
$4002B421EABBF8,40020A5A7A342A,401650B8E9D79042,4009026D4C105E72
$400289DC789B98,40022D77B72E34,4016679E93D2E1F1,4009026D4C105E1A
$40025ED0BE5F61,40024FA0C10B0E,40167E843DCE3449,4009026D4C105E3B
$400233043E780CC,400270D1387E84,40169569E7C986CC,4009026D4C105E83
$4002067C9402B6,40029104DE0D18,4016AC4F91C4D8C3,4009026D4C105E5E
$4001D93F7211294,4002B037929738,4016C3353BC02B11,4009026D4C105E6B
$4001AB52A2EF248,4002CE6557E044,4016DA1AE5BB7D63,4009026D4C105EC2
$40017CBC07649FC,4002EB8A511162,4016F1008FB6CF7A,4009026D4C105E71
$40014D8195F5308,400307A2C3381A,401707E639B2218,4009026D4C105E41
$40011DA95A1CAB,400322AB15C086,40171ECBE3AD73FC,4009026D4C105E86
$4000ED3973890F8,40033C9FD2EB24,401735B18DA8C5DE,4009026D4C105E42
$4000BC381551E4,4003557DA83E4,40174C9737A417F2,4009026D4C105E93
$40008AAB852D118,40036D4166F2C,4017637CE19F6A6,4009026D4C105E66
$4000589A1AA16,400383E8045C7A,40177A628B9ABC94,4009026D4C105E68
$4000260A3E36A9,4003996E9A4DD6,4017914835960EBF,4009026D4C105E7C
$3FFFE604D147BB8,4003ADD26776CE,4017A82DDF9160E2,4009026D4C105E43
$3FFF7F1243F5F9,4003C110CFBF38,4017BF13898CB329,4009026D4C105E68
$3FFF174A01A6188,4003D3275C9C42,4017D5F933880552,4009026D4C105E6
$3FFEAEB952E07C,4003E413BD612C,4017ECDEDD835768,4009026D4C105E2D
$3FFE456D99D49D8,4003F3D3C78B24,401803C4877EA997,4009026D4C105EA
$3FFDDB7450A286,40040265770836,40181AAA3179FBAE,4009026D4C105E47
$3FFD70DB07A1368,40040FC6EE796A,4018318FDB754E1F,4009026D4C105EBE
$3FFD05AF63A23D,40041BF6776FCA,401848758570A05D,4009026D4C105E8
$3FFC99FF1C32A3,400426F282A492,40185F5B2F6BF25B,4009026D4C105EB1
$3FFC2DD7F9D9798,400430B9A82C3E,40187640D96744AC,4009026D4C105EF8
$3FFBC147D4543D,4004394AA7A49E,40188D26836296C,4009026D4C105E8C
$3FFB545C90D13F,400440A4685DDE,4018A40C2D5DE8E8,4009026D4C105E28
$3FFAE72420285E,400446C5F97E6E,4018BAF1D7593B2F,4009026D4C105E7B
$3FFA79AC7D123C,40044BAE9221D2,4018D1D781548D71,4009026D4C105EE5
$3FFA0C03AA5E318,40044F5D91725A,4018E8BD2B4FDF75,4009026D4C105DF9
$3FF99E37B127378,400451D27EBDC8,4018FFA2D54B31B9,4009026D4C105EDB
$3FF930569F0806,4004530D0984A2,401916887F4683F2,4009026D4C105E55
$3FF8F96291AB508,400453345BCF12,401921FB54442CFD,4009026D4C105E72
4 31 193
4 32 159
4 33 409
4 34 163
4 35 0
4 36 0
3 25 ->
4 26 396
4 27 4
4 28 0
4 29 [2]
$1,-1
4 30 [2][4]
$401921FB54442CF6,400368D5A9C42BF2,BD21,400368D5A9C593B7
$401921FB54442CFD,4009026D4C07ED18,BD1B,4009026D4C097BB7
4 31 160
4 32 162
4 33 198
4 34 394
4 35 0
4 36 0
3 25 ->
4 26 395
4 27 4
4 28 0
4 29 [2]
$1,-1
4 30 [2][4]
$401921FB54442CF6,400368D5A9C42BF2,BD21,400368D5A9C593B7
$401921FB54442CFD,4009026D4C07ED18,BD1B,4009026D4C097BB7
4 31 159
4 32 161
4 33 197
4 34 393
4 35 0
4 36 0
3 25 ->
4 26 410
4 27 4
4 28 0
4 29 [2]
$1,-1
4 30 [142][4]
$3FF8F96291AB508,400453345BCD6E,BD1B,4009026D4C11608D
$3FF88BC003789B,40045297D5B8D2,3F96D789ADA759C5,4009026D4C1160B6
$3FF81DE7AEE2C7,400450C0D41978,3FA6DE99D47DCE73,4009026D4C116072
$3FF7B02B71CA298,40044DAF92FC86,3FB128B76913FDDC,4009026D4C116054
$3FF7429957C5E9,4004496476E3A8,3FB6E221E7E90E65,4009026D4C1160B1
$3FF6D53F6708818,400443E00C7C52,3FBC9B8C66BE1F3,4009026D4C1160A2
$3FF6682B9E94408,40043D23088DC8,3FC12A7B72C995FC,4009026D4C116129
$3FF5FB6BF470AC8,4004352E47E1EE,3FC40730B2342104,4009026D4C1160FA
$3FF58F0E53E112,40042C02CF2912,3FC6E3E5F19EACE,4009026D4C11609F
$3FF523209B9C72,400421A1CAD888,3FC9C09B310936D1,4009026D4C116056
$3FF4B7B09C07098,4004160C8F0436,3FCC9D507073BF7B,4009026D4C116069
$3FF44CCC156DB18,4004094497330C,3FCF7A05AFDE4B79,4009026D4C1160D
$3FF3E280B6434E,4003FB4B862E7,3FD12B5D77A466CD,4009026D4C1160FE
$3FF378DC1960808,4003EC2325CCA6,3FD299B81759AB2D,4009026D4C1160B6
$3FF30FEBC445E5,4003DBCD66B638,3FD40812B70EF437,4009026D4C116059
$3FF2A7BD256105,4003CA4C602662,3FD5766D56C43B27,4009026D4C116025
$3FF2405D92543E8,4003B7A24FA692,3FD6E4C7F67978E2,4009026D4C1160B7
$3FF1D9DA4641DB8,4003A3D198C4F8,3FD85322962EBCD2,4009026D4C116092
$3FF17440601A878,40038EDCC4C64E,3FD9C17D35E3FE31,4009026D4C1160C9
$3FF10F9CE0EF68,400378C68252B2,3FDB2FD7D59944BE,4009026D4C116103
$3FF0ABFCAA48018,40036191A51DC6,3FDC9E32754E8C84,4009026D4C11609D
$3FF0496C7C7C2B,40034941258A16,3FDE0C8D1503D27E,4009026D4C11608C
$3FEFCFF1EA2479,40032FD82047BC,3FDF7AE7B4B91212,4009026D4C1160B3
$3FEF0F5D1A4366,40031559D5EE6A,3FE074A12A372BA5,4009026D4C1160BA
$3FEE51332F7508,4002F9C9AA92DE,3FE12BCE7A11CD86,4009026D4C116119
$3FED958C80A28D,4002DD2B2557BE,3FE1E2FBC9EC7155,4009026D4C1160F3
$3FECDC811260E7,4002BF81EFFA0A,3FE29A2919C7145E,4009026D4C1160EE
$3FEC262893DDD6,4002A0D1D6590E,3FE3515669A1B415,4009026D4C1160B8
$3FEB729A5BD7D6,4002811EC5FA02,3FE40883B97C56F3,4009026D4C1160AA
$3FEAC1ED65A16F,4002606CCD8754,3FE4BFB10956FB6A,4009026D4C116083
$3FEA14384E302B,40023EC01C4BBA,3FE576DE59319F98,4009026D4C116071
$3FE969915137A7,40021C1D01A912,3FE62E0BA90C421E,4009026D4C116067
$3FE8C20E465112,4001F887EC8B2A,3FE6E538F8E6E0C6,4009026D4C1160A2
$3FE81DC49E2F8,4001D4056AD678,3FE79C6648C187C3,4009026D4C11604A
$3FE77CC95FE167,4001AE9A28D2EE,3FE85393989C221A,4009026D4C1160E2
$3FE6DF31261FA4,4001884AF092C8,3FE90AC0E876C74F,4009026D4C1160FC
$3FE645101CAA56,4001611CA955B,3FE9C1EE385165,4009026D4C1160E9
$3FE5AE79FDB3F6,4001391456E80E,3FEA791B882C080F,4009026D4C1160DB
$3FE51B820F5AF5,4001103718FEB6,3FEB3048D806ADD2,4009026D4C1160A1
$3FE48C3B213232,4000E68A2A8F08,3FEBE77627E15037,4009026D4C116095
$3FE400B789D89E,4000BC12E1238A,3FEC9EA377BBF747,4009026D4C116066
$3FE3790924A063,400090D6AC2D2A,3FED55D0C79693CC,4009026D4C1160A8
$3FE2F5414F45BF,400064DB145118,3FEE0CFE17713577,4009026D4C1160BB
$3FE27570E7B60D,40003825BAB382,3FEEC42B674BD71F,4009026D4C1160C4
$3FE1F9A849E712,40000ABC583F18,3FEF7B58B726798C,4009026D4C1160BC
$3FE181F74DBEFA,3FFFB94979D31C,3FF0194303808FC,4009026D4C116087
$3FE10E6D450D37,3FFF5BC99DEA58,3FF074D9AB6DE187,4009026D4C11607A
$3FE09F18F9948D,3FFEFD05145EFC,3FF0D070535B307B,4009026D4C1160AC
$3FE03408AB2682,3FFE9D07FE5A84,3FF12C06FB488112,4009026D4C1160C5
$3FDF9A941BA0FE,3FFE3BDEA5076C,3FF1879DA335D359,4009026D4C11609E
$3FDED5D490358E,3FFDD99577FEA,3FF1E3344B232426,4009026D4C1160AA
$3FDE19EBE2B338,3FFD76390BAFF8,3FF23ECAF31076BC,4009026D4C116086
$3FDD66F2202152,3FFD11D617C614,3FF29A619AFDC838,4009026D4C11606B
$3FDCBCFE30D1F6,3FFCAC797585A,3FF2F5F842EB185A,4009026D4C116092
$3FDC1C25D5737A,3FFC46301E2854,3FF3518EEAD868BF,4009026D4C1160AD
$3FDB847DA447A4,3FFBDF072933E,3FF3AD2592C5B9DB,4009026D4C11609E
$3FDAF619068118,3FFB770BCACCF4,3FF408BC3AB30AFD,4009026D4C1160A4
$3FDA710A35C766,3FFB0E4B52069C,3FF46452E2A05C93,4009026D4C116079
$3FD9F56239E1C4,3FFAA4D3272E2C,3FF4BFE98A8DAF4E,4009026D4C11606D
$3FD98330E68926,3FFA3AB0CA13F8,3FF51B80327AFE45,4009026D4C116091
$3FD91A84D96198,3FF9CFF1D050F,3FF57716DA684F8,4009026D4C11607B
$3FD8BB6B781B52,3FF964A3E38998,3FF5D2AD8255A30C,4009026D4C11605F
$3FD865F0EEBBCA,3FF8F8D4BFAE5C,3FF62E442A42F387,4009026D4C11607A
$3FD81A202E0EE2,3FF88C9231397C,3FF689DAD23043F7,4009026D4C11606F
$3FD7D802EA405C,3FF81FEA136AF8,3FF6E5717A1D94DF,4009026D4C116078
$3FD79FA1999DFA,3FF7B2EA4E8284,3FF74108220AE975,4009026D4C11606
$3FD7710373822A,3FF745A0D5F7E8,3FF79C9EC9F83B45,4009026D4C116068
$3FD74C2E6F67A,3FF6D81BA6B1CC,3FF7F83571E58BB1,4009026D4C116053
$3FD731274425C4,3FF66A68C53B7,3FF853CC19D2DA1E,4009026D4C116053
$3FD71FF167564A,3FF5FC963BF954,3FF8AF62C1C02BE6,4009026D4C116057
$3FD7188F0CE3D4,3FF58EB2195D3C,3FF90AF969AD7D6F,4009026D4C116059
$3FD71B0126C1C2,3FF520CA6E199,3FF96690119ACD27,4009026D4C116054
$3FD7274764CD3A,3FF4B2ED4B547C,3FF9C226B9881E79,4009026D4C116058
$3FD73D6034D76E,3FF44528C0DB1,3FFA1DBD61757042,4009026D4C11605C
$3FD75D48C2D914,3FF3D78ADB547C,3FFA79540962C0E4,4009026D4C116047
$3FD786FCF94F0C,3FF36A21A275B,3FFAD4EAB15014DC,4009026D4C11605
$3FD7BA7781C03A,3FF2FCFB1735BC,3FFB3081593D647B,4009026D4C11604A
$3FD7F7B1C56C68,3FF290253202D8,3FFB8C18012AB59E,4009026D4C11604C
$3FD83EA3EE242A,3FF223ADE0F8BC,3FFBE7AEA918068F,4009026D4C116049
$3FD88F44E749A4,3FF1B7A3061824,3FFC434551055893,4009026D4C116053
$3FD8E98A5EFA16,3FF14C12757FF4,3FFC9EDBF8F2AAA2,4009026D4C11604F
$3FD94D68C75FF8,3FF0E109F3A81C,3FFCFA72A0DFF948,4009026D4C116037
$3FD9BAD3582D9A,3FF07697339E6C,3FFD560948CD4D9A,4009026D4C11605C
$3FDA31BC103FF,3FF00CC7D545D8,3FFDB19FF0BA9DFF,4009026D4C11604B
$3FDAB213B7697,3FEF4752C72FD,3FFE0D3698A7ED27,4009026D4C11603C
$3FDB3BC9E064CA,3FEE7692A5D208,3FFE68CD40954024,4009026D4C11605B
$3FDBCECCEAEF1C,3FEDA769FE5F58,3FFEC463E8829066,4009026D4C11603F
$3FDC6B0A06097C,3FECD9F3549D48,3FFF1FFA906FE0F4,4009026D4C11602F
$3FDD106D326186,3FEC0E48F4C538,3FFF7B91385D348F,4009026D4C11605E
$3FDDBEE144E098,3FEB4484F026C8,3FFFD727E04A8464,4009026D4C11603E
$3FDE764FE96166,3FEA7CC119D18,4000195F441BEBDA,4009026D4C116071
$3FDF36A1A58BA,3FE9B7170346E8,4000472A9812938A,4009026D4C11605D
$3FDFFFBDDBD53A,3FE8F39FF93488,400074F5EC093ADD,4009026D4C116018
$3FE068C5675476,3FE83275003708,4000A2C13FFFE3A6,4009026D4C116027
$3FE0D5F6D1D8D8,3FE773AED1A68,4000D08C93F68CCF,4009026D4C11602B
$3FE1476533A544,3FE6B765D86C5,4000FE57E7ED353A,4009026D4C11602F
$3FE1BD0208093A,3FE5FDB22DE308,40012C233BE3DD54,4009026D4C11600F
$3FE236BE4151E4,3FE546AB96C0C8,400159EE8FDA8663,4009026D4C11603
$3FE2B48A4AB75C,3FE49269800C88,400187B9E3D12EAE,4009026D4C11601
$3FE336560A5B2D,3FE3E102FC1E6,4001B58537C7D922,4009026D4C116085
$3FE3BC10E357ED,3FE3328EBFABD,4001E3508BBE7FDE,4009026D4C11600D
$3FE445A9B7E18C,3FE287231EDF68,4002111BDFB5283C,4009026D4C115FEC
$3FE4D30EEB762C,3FE1DED60A7D7,40023EE733ABD2FD,4009026D4C11607A
$3FE5642E651F33,3FE139BD0D151,40026CB287A27918,4009026D4C115FE4
$3FE5F8F591C244,3FE097ED483E18,40029A7DDB992259,4009026D4C115FF1
$3FE691516681D8,3FDFF2F6E3CA2,4002C8492F8FCB13,4009026D4C116002
$3FE72D2E632D38,3FDEBCF7A348C,4002F6148386731F,4009026D4C115FE9
$3FE7CC7894BF72,3FDD8E047C57A,400323DFD77D1D26,4009026D4C11604E
$3FE86F1B97ECFA,3FDC6644356D6,400351AB2B73C564,4009026D4C11603B
$3FE915029BBFBC,3FDB45DCA920B,40037F767F6A6E0A,4009026D4C116042
$3FE9BE18644126,3FDA2CF2C1506,4003AD41D36115B8,4009026D4C115FEA
$3FEA6A474D31ED,3FD91BAA72699,4003DB0D2757BECF,4009026D4C116
$3FEB19794CCF28,3FD81226B6CDF,400408D87B4E6785,4009026D4C115FC2
$3FEBCB97F6A46E,3FD710898A594,400436A3CF45103E,4009026D4C11602
$3FEC808C7E6A8B,3FD616F3E6085,4004646F233BB865,4009026D4C115FA5
$3FED383FBAF289,3FD52585BBBFE,4004923A773262A2,4009026D4C116086
$3FEDF29A291C88,3FD43C5DF236F,4004C005CB290A37,4009026D4C116025
$3FEEAF83EEDA3,3FD35B9A61013,4004EDD11F1FB25A,4009026D4C115FF3
$3FEF6EE4DE3C32,3FD28357CCBDD,40051B9C73165B89,4009026D4C11602C
$3FF018523C4546,3FD1B3B1E368E,40054967C70D040F,4009026D4C115FDD
$3FF07A54F8B3938,3FD0ECC338D,400577331B03ACAF,4009026D4C11601B
$3FF0DD6E18FD2E,3FD02EA5432C,4005A4FE6EFA556B,4009026D4C115FEF
$3FF14190EE14878,3FCEF2E0AFBC6,4005D2C9C2F0FE09,4009026D4C115FE
$3FF1A6B0A6E9EC8,3FCD9A7750A6A,4006009516E7A6BF,4009026D4C115FDD
$3FF20CC0520F79,3FCC543A7E17,40062E606ADE4F2C,4009026D4C11603D
$3FF273B2DF6132,3FCB2053F9906,40065C2BBED4F80C,4009026D4C116057
$3FF2DB7B21B1098,3FC9FEEB2BBFC,400689F712CBA0AA,4009026D4C11603E
$3FF3440BD0769C8,3FC8F0251F712,4006B7C266C248E8,4009026D4C116001
$3FF3AD57898272,3FC7F4247CD1A,4006E58DBAB8F1FD,4009026D4C116064
$3FF41750D2B4808,3FC70B0985006,400713590EAF9AC3,4009026D4C1160A4
$3FF481EA1BB5C68,3FC634F20DED4,4007412462A64303,4009026D4C11606E
$3FF4ED15BFB4B7,3FC571F97E874,40076EEFB69CEB4D,4009026D4C116026
$3FF558C60724488,3FC4C238CB3AC,40079CBB0A93942E,4009026D4C116048
$3FF5C4ED297D69,3FC425C672C,4007CA865E8A3CF1,4009026D4C116087
$3FF6317D4F029C8,3FC39CB67B3A,4007F851B280E537,4009026D4C116014
$3FF69E68928592,3FC3271A6FA6,4008261D06778DD8,4009026D4C115FA7
$3FF70BA1032E6A,3FC2C5015D9D,400853E85A6E36B4,4009026D4C115FF5
$3FF77918A644838,3FC27677D366C,400881B3AE64DF4F,4009026D4C11605A
$3FF7E6C178F8858,3FC23B87DE5E2,4008AF7F025B87D6,4009026D4C116015
$3FF8548D722F768,3FC2143909A76,4008DD4A56523073,4009026D4C11604A
$3FF8C26E844E9F,3FC200905D39C,40090B15AA48D8F7,4009026D4C115FC4
$3FF8F96291AB508,3FC1FE1B3892C,400921FB54442D4D,4009026D4C115FE1
4 31 194
4 32 162
4 33 198
4 34 396
4 35 0
4 36 0
3 25 ->
4 26 409
4 27 4
4 28 0
4 29 [2]
$1,-1
4 30 [142][4]
$3FF8F96291AB508,400453345BCD6E,BD1B,4009026D4C11608D
$3FF88BC003789B,40045297D5B8D2,3F96D789ADA759C5,4009026D4C1160B6
$3FF81DE7AEE2C7,400450C0D41978,3FA6DE99D47DCE73,4009026D4C116072
$3FF7B02B71CA298,40044DAF92FC86,3FB128B76913FDDC,4009026D4C116054
$3FF7429957C5E9,4004496476E3A8,3FB6E221E7E90E65,4009026D4C1160B1
$3FF6D53F6708818,400443E00C7C52,3FBC9B8C66BE1F3,4009026D4C1160A2
$3FF6682B9E94408,40043D23088DC8,3FC12A7B72C995FC,4009026D4C116129
$3FF5FB6BF470AC8,4004352E47E1EE,3FC40730B2342104,4009026D4C1160FA
$3FF58F0E53E112,40042C02CF2912,3FC6E3E5F19EACE,4009026D4C11609F
$3FF523209B9C72,400421A1CAD888,3FC9C09B310936D1,4009026D4C116056
$3FF4B7B09C07098,4004160C8F0436,3FCC9D507073BF7B,4009026D4C116069
$3FF44CCC156DB18,4004094497330C,3FCF7A05AFDE4B79,4009026D4C1160D
$3FF3E280B6434E,4003FB4B862E7,3FD12B5D77A466CD,4009026D4C1160FE
$3FF378DC1960808,4003EC2325CCA6,3FD299B81759AB2D,4009026D4C1160B6
$3FF30FEBC445E5,4003DBCD66B638,3FD40812B70EF437,4009026D4C116059
$3FF2A7BD256105,4003CA4C602662,3FD5766D56C43B27,4009026D4C116025
$3FF2405D92543E8,4003B7A24FA692,3FD6E4C7F67978E2,4009026D4C1160B7
$3FF1D9DA4641DB8,4003A3D198C4F8,3FD85322962EBCD2,4009026D4C116092
$3FF17440601A878,40038EDCC4C64E,3FD9C17D35E3FE31,4009026D4C1160C9
$3FF10F9CE0EF68,400378C68252B2,3FDB2FD7D59944BE,4009026D4C116103
$3FF0ABFCAA48018,40036191A51DC6,3FDC9E32754E8C84,4009026D4C11609D
$3FF0496C7C7C2B,40034941258A16,3FDE0C8D1503D27E,4009026D4C11608C
$3FEFCFF1EA2479,40032FD82047BC,3FDF7AE7B4B91212,4009026D4C1160B3
$3FEF0F5D1A4366,40031559D5EE6A,3FE074A12A372BA5,4009026D4C1160BA
$3FEE51332F7508,4002F9C9AA92DE,3FE12BCE7A11CD86,4009026D4C116119
$3FED958C80A28D,4002DD2B2557BE,3FE1E2FBC9EC7155,4009026D4C1160F3
$3FECDC811260E7,4002BF81EFFA0A,3FE29A2919C7145E,4009026D4C1160EE
$3FEC262893DDD6,4002A0D1D6590E,3FE3515669A1B415,4009026D4C1160B8
$3FEB729A5BD7D6,4002811EC5FA02,3FE40883B97C56F3,4009026D4C1160AA
$3FEAC1ED65A16F,4002606CCD8754,3FE4BFB10956FB6A,4009026D4C116083
$3FEA14384E302B,40023EC01C4BBA,3FE576DE59319F98,4009026D4C116071
$3FE969915137A7,40021C1D01A912,3FE62E0BA90C421E,4009026D4C116067
$3FE8C20E465112,4001F887EC8B2A,3FE6E538F8E6E0C6,4009026D4C1160A2
$3FE81DC49E2F8,4001D4056AD678,3FE79C6648C187C3,4009026D4C11604A
$3FE77CC95FE167,4001AE9A28D2EE,3FE85393989C221A,4009026D4C1160E2
$3FE6DF31261FA4,4001884AF092C8,3FE90AC0E876C74F,4009026D4C1160FC
$3FE645101CAA56,4001611CA955B,3FE9C1EE385165,4009026D4C1160E9
$3FE5AE79FDB3F6,4001391456E80E,3FEA791B882C080F,4009026D4C1160DB
$3FE51B820F5AF5,4001103718FEB6,3FEB3048D806ADD2,4009026D4C1160A1
$3FE48C3B213232,4000E68A2A8F08,3FEBE77627E15037,4009026D4C116095
$3FE400B789D89E,4000BC12E1238A,3FEC9EA377BBF747,4009026D4C116066
$3FE3790924A063,400090D6AC2D2A,3FED55D0C79693CC,4009026D4C1160A8
$3FE2F5414F45BF,400064DB145118,3FEE0CFE17713577,4009026D4C1160BB
$3FE27570E7B60D,40003825BAB382,3FEEC42B674BD71F,4009026D4C1160C4
$3FE1F9A849E712,40000ABC583F18,3FEF7B58B726798C,4009026D4C1160BC
$3FE181F74DBEFA,3FFFB94979D31C,3FF0194303808FC,4009026D4C116087
$3FE10E6D450D37,3FFF5BC99DEA58,3FF074D9AB6DE187,4009026D4C11607A
$3FE09F18F9948D,3FFEFD05145EFC,3FF0D070535B307B,4009026D4C1160AC
$3FE03408AB2682,3FFE9D07FE5A84,3FF12C06FB488112,4009026D4C1160C5
$3FDF9A941BA0FE,3FFE3BDEA5076C,3FF1879DA335D359,4009026D4C11609E
$3FDED5D490358E,3FFDD99577FEA,3FF1E3344B232426,4009026D4C1160AA
$3FDE19EBE2B338,3FFD76390BAFF8,3FF23ECAF31076BC,4009026D4C116086
$3FDD66F2202152,3FFD11D617C614,3FF29A619AFDC838,4009026D4C11606B
$3FDCBCFE30D1F6,3FFCAC797585A,3FF2F5F842EB185A,4009026D4C116092
$3FDC1C25D5737A,3FFC46301E2854,3FF3518EEAD868BF,4009026D4C1160AD
$3FDB847DA447A4,3FFBDF072933E,3FF3AD2592C5B9DB,4009026D4C11609E
$3FDAF619068118,3FFB770BCACCF4,3FF408BC3AB30AFD,4009026D4C1160A4
$3FDA710A35C766,3FFB0E4B52069C,3FF46452E2A05C93,4009026D4C116079
$3FD9F56239E1C4,3FFAA4D3272E2C,3FF4BFE98A8DAF4E,4009026D4C11606D
$3FD98330E68926,3FFA3AB0CA13F8,3FF51B80327AFE45,4009026D4C116091
$3FD91A84D96198,3FF9CFF1D050F,3FF57716DA684F8,4009026D4C11607B
$3FD8BB6B781B52,3FF964A3E38998,3FF5D2AD8255A30C,4009026D4C11605F
$3FD865F0EEBBCA,3FF8F8D4BFAE5C,3FF62E442A42F387,4009026D4C11607A
$3FD81A202E0EE2,3FF88C9231397C,3FF689DAD23043F7,4009026D4C11606F
$3FD7D802EA405C,3FF81FEA136AF8,3FF6E5717A1D94DF,4009026D4C116078
$3FD79FA1999DFA,3FF7B2EA4E8284,3FF74108220AE975,4009026D4C11606
$3FD7710373822A,3FF745A0D5F7E8,3FF79C9EC9F83B45,4009026D4C116068
$3FD74C2E6F67A,3FF6D81BA6B1CC,3FF7F83571E58BB1,4009026D4C116053
$3FD731274425C4,3FF66A68C53B7,3FF853CC19D2DA1E,4009026D4C116053
$3FD71FF167564A,3FF5FC963BF954,3FF8AF62C1C02BE6,4009026D4C116057
$3FD7188F0CE3D4,3FF58EB2195D3C,3FF90AF969AD7D6F,4009026D4C116059
$3FD71B0126C1C2,3FF520CA6E199,3FF96690119ACD27,4009026D4C116054
$3FD7274764CD3A,3FF4B2ED4B547C,3FF9C226B9881E79,4009026D4C116058
$3FD73D6034D76E,3FF44528C0DB1,3FFA1DBD61757042,4009026D4C11605C
$3FD75D48C2D914,3FF3D78ADB547C,3FFA79540962C0E4,4009026D4C116047
$3FD786FCF94F0C,3FF36A21A275B,3FFAD4EAB15014DC,4009026D4C11605
$3FD7BA7781C03A,3FF2FCFB1735BC,3FFB3081593D647B,4009026D4C11604A
$3FD7F7B1C56C68,3FF290253202D8,3FFB8C18012AB59E,4009026D4C11604C
$3FD83EA3EE242A,3FF223ADE0F8BC,3FFBE7AEA918068F,4009026D4C116049
$3FD88F44E749A4,3FF1B7A3061824,3FFC434551055893,4009026D4C116053
$3FD8E98A5EFA16,3FF14C12757FF4,3FFC9EDBF8F2AAA2,4009026D4C11604F
$3FD94D68C75FF8,3FF0E109F3A81C,3FFCFA72A0DFF948,4009026D4C116037
$3FD9BAD3582D9A,3FF07697339E6C,3FFD560948CD4D9A,4009026D4C11605C
$3FDA31BC103FF,3FF00CC7D545D8,3FFDB19FF0BA9DFF,4009026D4C11604B
$3FDAB213B7697,3FEF4752C72FD,3FFE0D3698A7ED27,4009026D4C11603C
$3FDB3BC9E064CA,3FEE7692A5D208,3FFE68CD40954024,4009026D4C11605B
$3FDBCECCEAEF1C,3FEDA769FE5F58,3FFEC463E8829066,4009026D4C11603F
$3FDC6B0A06097C,3FECD9F3549D48,3FFF1FFA906FE0F4,4009026D4C11602F
$3FDD106D326186,3FEC0E48F4C538,3FFF7B91385D348F,4009026D4C11605E
$3FDDBEE144E098,3FEB4484F026C8,3FFFD727E04A8464,4009026D4C11603E
$3FDE764FE96166,3FEA7CC119D18,4000195F441BEBDA,4009026D4C116071
$3FDF36A1A58BA,3FE9B7170346E8,4000472A9812938A,4009026D4C11605D
$3FDFFFBDDBD53A,3FE8F39FF93488,400074F5EC093ADD,4009026D4C116018
$3FE068C5675476,3FE83275003708,4000A2C13FFFE3A6,4009026D4C116027
$3FE0D5F6D1D8D8,3FE773AED1A68,4000D08C93F68CCF,4009026D4C11602B
$3FE1476533A544,3FE6B765D86C5,4000FE57E7ED353A,4009026D4C11602F
$3FE1BD0208093A,3FE5FDB22DE308,40012C233BE3DD54,4009026D4C11600F
$3FE236BE4151E4,3FE546AB96C0C8,400159EE8FDA8663,4009026D4C11603
$3FE2B48A4AB75C,3FE49269800C88,400187B9E3D12EAE,4009026D4C11601
$3FE336560A5B2D,3FE3E102FC1E6,4001B58537C7D922,4009026D4C116085
$3FE3BC10E357ED,3FE3328EBFABD,4001E3508BBE7FDE,4009026D4C11600D
$3FE445A9B7E18C,3FE287231EDF68,4002111BDFB5283C,4009026D4C115FEC
$3FE4D30EEB762C,3FE1DED60A7D7,40023EE733ABD2FD,4009026D4C11607A
$3FE5642E651F33,3FE139BD0D151,40026CB287A27918,4009026D4C115FE4
$3FE5F8F591C244,3FE097ED483E18,40029A7DDB992259,4009026D4C115FF1
$3FE691516681D8,3FDFF2F6E3CA2,4002C8492F8FCB13,4009026D4C116002
$3FE72D2E632D38,3FDEBCF7A348C,4002F6148386731F,4009026D4C115FE9
$3FE7CC7894BF72,3FDD8E047C57A,400323DFD77D1D26,4009026D4C11604E
$3FE86F1B97ECFA,3FDC6644356D6,400351AB2B73C564,4009026D4C11603B
$3FE915029BBFBC,3FDB45DCA920B,40037F767F6A6E0A,4009026D4C116042
$3FE9BE18644126,3FDA2CF2C1506,4003AD41D36115B8,4009026D4C115FEA
$3FEA6A474D31ED,3FD91BAA72699,4003DB0D2757BECF,4009026D4C116
$3FEB19794CCF28,3FD81226B6CDF,400408D87B4E6785,4009026D4C115FC2
$3FEBCB97F6A46E,3FD710898A594,400436A3CF45103E,4009026D4C11602
$3FEC808C7E6A8B,3FD616F3E6085,4004646F233BB865,4009026D4C115FA5
$3FED383FBAF289,3FD52585BBBFE,4004923A773262A2,4009026D4C116086
$3FEDF29A291C88,3FD43C5DF236F,4004C005CB290A37,4009026D4C116025
$3FEEAF83EEDA3,3FD35B9A61013,4004EDD11F1FB25A,4009026D4C115FF3
$3FEF6EE4DE3C32,3FD28357CCBDD,40051B9C73165B89,4009026D4C11602C
$3FF018523C4546,3FD1B3B1E368E,40054967C70D040F,4009026D4C115FDD
$3FF07A54F8B3938,3FD0ECC338D,400577331B03ACAF,4009026D4C11601B
$3FF0DD6E18FD2E,3FD02EA5432C,4005A4FE6EFA556B,4009026D4C115FEF
$3FF14190EE14878,3FCEF2E0AFBC6,4005D2C9C2F0FE09,4009026D4C115FE
$3FF1A6B0A6E9EC8,3FCD9A7750A6A,4006009516E7A6BF,4009026D4C115FDD
$3FF20CC0520F79,3FCC543A7E17,40062E606ADE4F2C,4009026D4C11603D
$3FF273B2DF6132,3FCB2053F9906,40065C2BBED4F80C,4009026D4C116057
$3FF2DB7B21B1098,3FC9FEEB2BBFC,400689F712CBA0AA,4009026D4C11603E
$3FF3440BD0769C8,3FC8F0251F712,4006B7C266C248E8,4009026D4C116001
$3FF3AD57898272,3FC7F4247CD1A,4006E58DBAB8F1FD,4009026D4C116064
$3FF41750D2B4808,3FC70B0985006,400713590EAF9AC3,4009026D4C1160A4
$3FF481EA1BB5C68,3FC634F20DED4,4007412462A64303,4009026D4C11606E
$3FF4ED15BFB4B7,3FC571F97E874,40076EEFB69CEB4D,4009026D4C116026
$3FF558C60724488,3FC4C238CB3AC,40079CBB0A93942E,4009026D4C116048
$3FF5C4ED297D69,3FC425C672C,4007CA865E8A3CF1,4009026D4C116087
$3FF6317D4F029C8,3FC39CB67B3A,4007F851B280E537,4009026D4C116014
$3FF69E68928592,3FC3271A6FA6,4008261D06778DD8,4009026D4C115FA7
$3FF70BA1032E6A,3FC2C5015D9D,400853E85A6E36B4,4009026D4C115FF5
$3FF77918A644838,3FC27677D366C,400881B3AE64DF4F,4009026D4C11605A
$3FF7E6C178F8858,3FC23B87DE5E2,4008AF7F025B87D6,4009026D4C116015
$3FF8548D722F768,3FC2143909A76,4008DD4A56523073,4009026D4C11604A
$3FF8C26E844E9F,3FC200905D39C,40090B15AA48D8F7,4009026D4C115FC4
$3FF8F96291AB508,3FC1FE1B3892C,400921FB54442D4D,4009026D4C115FE1
4 31 193
4 32 161
4 33 197
4 34 395
4 35 0
4 36 0
3 25 ->
4 26 288
4 27 4
4 28 0
4 29 [2]
$1,-1
4 30 [2][4]
$BFEB443413A48D96,C004CCEEE0F3CC,BD6FC6882D199D2F,C004CCEEE0F3CC
$BFEB443413A48DB9,C0030010B630AA,BD6FB3C4EC109B4B,C0030010B630AA
4 31 166
4 32 214
4 33 168
4 34 412
4 35 0
4 36 0
3 25 ->
4 26 287
4 27 4
4 28 0
4 29 [2]
$1,-1
4 30 [2][4]
$BFEB443413A48D96,C004CCEEE0F3CC,BD6FC6882D199D2F,C004CCEEE0F3CC
$BFEB443413A48DB9,C0030010B630AA,BD6FB3C4EC109B4B,C0030010B630AA
4 31 165
4 32 213
4 33 167
4 34 411
4 35 0
4 36 0
3 25 ->
4 26 414
4 27 4
4 28 0
4 29 [2]
$1,-1
4 30 [2][4]
$401921FB54442D18,3FF6E1B307A8B558,BFEB4434135DECE2,C004CCEEE0F3CC
$401921FB54442D18,3FE8F699472EEA26,BFC9A99A7E71EED9,C004CCEEE0F3CC
4 31 184
4 32 166
4 33 186
4 34 288
4 35 0
4 36 0
3 25 ->
4 26 413
4 27 4
4 28 0
4 29 [2]
$1,-1
4 30 [2][4]
$401921FB54442D18,3FF6E1B307A8B558,BFEB4434135DECE2,C004CCEEE0F3CC
$401921FB54442D18,3FE8F699472EEA26,BFC9A99A7E71EED9,C004CCEEE0F3CC
4 31 183
4 32 165
4 33 185
4 34 287
4 35 0
4 36 0
3 25 ->
4 26 182
4 27 4
4 28 0
4 29 [2]
$1,-1
4 30 [2][4]
$BFE06A09576C44,3FABEDFCB0878,BFC9A99A9186FA2A,C004CCEEE0F3CC
$BFE06A09576C44,3FE06A09CB6E8,BFC9A99A9186FA22,C001222460DA4A
4 31 180
4 32 166
4 33 416
4 34 414
4 35 0
4 36 0
3 25 ->
4 26 181
4 27 4
4 28 0
4 29 [2]
$1,-1
4 30 [2][4]
$BFE06A09576C44,3FABEDFCB0878,BFC9A99A9186FA2A,C004CCEEE0F3CC
$BFE06A09576C44,3FE06A09CB6E8,BFC9A99A9186FA22,C001222460DA4A
4 31 179
4 32 165
4 33 415
4 34 413
4 35 0
4 36 0
3 25 ->
4 26 418
4 27 4
4 28 0
4 29 [2]
$1,-1
4 30 [2][4]
$BE89F30426248,3FC9A99A9181B20A,BFC9A99AC6129D65,C00122246F3D84
$BFA149872DDFF834,BE407BE64B2E,BE331E1E8A69A644,C001674A682A14
4 31 176
4 32 166
4 33 178
4 34 182
4 35 0
4 36 0
3 25 ->
4 26 417
4 27 4
4 28 0
4 29 [2]
$1,-1
4 30 [2][4]
$BE89F30426248,3FC9A99A9181B20A,BFC9A99AC6129D65,C00122246F3D84
$BFA149872DDFF834,BE407BE64B2E,BE331E1E8A69A644,C001674A682A14
4 31 175
4 32 165
4 33 177
4 34 181
4 35 0
4 36 0
3 25 ->
4 26 420
4 27 4
4 28 0
4 29 [2]
$1,-1
4 30 [2][4]
$3E9E70B1E,3FDDC5C09C3AA,3D24A185F5B0396C,C001674A649DE2
$3E9E70B1E,40052002782536,3D24037D2C9F587D,39F12FCBE7024E42
4 31 194
4 32 166
4 33 192
4 34 418
4 35 0
4 36 0
3 25 ->
4 26 419
4 27 4
4 28 0
4 29 [2]
$1,-1
4 30 [2][4]
$3E9E70B1E,3FDDC5C09C3AA,3D24A185F5B0396C,C001674A649DE2
$3E9E70B1E,40052002782536,3D24037D2C9F587D,39F12FCBE7024E42
4 31 193
4 32 165
4 33 191
4 34 417
4 35 0
4 36 0
3 25 ->
4 26 422
4 27 4
4 28 0
4 29 [2]
$1,-1
4 30 [2][4]
$3FF921FB54442C1C,3FE29032DC63BD98,3DE1857E191470B9,B9F53E8EA27BC8
$3FF921FB54442D18,3FF6E1B307C49FD6,BFEB443413852A43,BA15C8
4 31 190
4 32 166
4 33 424
4 34 420
4 35 0
4 36 0
3 25 ->
4 26 421
4 27 4
4 28 0
4 29 [2]
$1,-1
4 30 [2][4]
$3FF921FB54442C1C,3FE29032DC63BD98,3DE1857E191470B9,B9F53E8EA27BC8
$3FF921FB54442D18,3FF6E1B307C49FD6,BFEB443413852A43,BA15C8
4 31 189
4 32 165
4 33 423
4 34 419
4 35 0
4 36 0
3 25 ->
4 26 400
4 27 4
4 28 0
4 29 [2]
$1,-1
4 30 [2][4]
$BFEB443413A4738B,BFC66771C971,BD474D8B74320BB5,BFC66771C971
$BFEB443413A4738A,B9FBD,BD474A7564F5893,B9F78DB6C98FC415
4 31 166
4 32 214
4 33 422
4 34 274
4 35 0
4 36 0
3 25 ->
4 26 399
4 27 4
4 28 0
4 29 [2]
$1,-1
4 30 [2][4]
$BFEB443413A4738B,BFC66771C971,BD474D8B74320BB5,BFC66771C971
$BFEB443413A4738A,B9FBD,BD474A7564F5893,B9F78DB6C98FC415
4 31 165
4 32 213
4 33 421
4 34 273
4 35 0
4 36 0
3 25 ->
4 26 172
4 27 4
4 28 0
4 29 [2]
$1,-1
4 30 [2][4]
$BD5235D5E4D360E4,C00599BCFD4BF8,3D4B02A1E0AE038E,3D1FFFFFFFFFFFB1
$BFEB443413A4712F,C0052002782532,3FEB443413A46DAF,3FAE6EA149B2D002
4 31 170
4 32 206
4 33 426
4 34 208
4 35 0
4 36 0
3 25 ->
4 26 171
4 27 4
4 28 0
4 29 [2]
$1,-1
4 30 [2][4]
$BD5235D5E4D360E4,C00599BCFD4BF8,3D4B02A1E0AE038E,3D1FFFFFFFFFFFB1
$BFEB443413A4712F,C0052002782532,3FEB443413A46DAF,3FAE6EA149B2D002
4 31 169
4 32 205
4 33 425
4 34 207
4 35 0
4 36 0
3 25 ->
4 26 402
4 27 4
4 28 0
4 29 [2]
$1,-1
4 30 [2][4]
$BD5239885A948CA9,C0030010B630AA,BFE4D9CD786EBBE6,C0030010B630AA
$BD523A2F80AF6B49,C00599BCFD4BF8,BFE4D9CD786EBBE7,C00599BCFD4BF8
4 31 170
4 32 202
4 33 172
4 34 298
4 35 0
4 36 0
3 25 ->
4 26 401
4 27 4
4 28 0
4 29 [2]
$1,-1
4 30 [2][4]
$BD5239885A948CA9,C0030010B630AA,BFE4D9CD786EBBE6,C0030010B630AA
$BD523A2F80AF6B49,C00599BCFD4BF8,BFE4D9CD786EBBE7,C00599BCFD4BF8
4 31 169
4 32 201
4 33 171
4 34 297
4 35 0
4 36 0
3 25 ->
4 26 312
4 27 4
4 28 0
4 29 [2]
$1,-1
4 30 [2][4]
$BD6F2ABE4EA43C3,B9D4338207158F2,BFE4D9CD786ED1D,B9EA48
$BD6F2AEB4FE3CEA5,BFC66771C970E,BFE4D9CD786ED1D,BFC66771C970E
4 31 170
4 32 202
4 33 404
4 34 428
4 35 0
4 36 0
3 25 ->
4 26 311
4 27 4
4 28 0
4 29 [2]
$1,-1
4 30 [2][4]
$BD6F2ABE4EA43C3,B9D4338207158F2,BFE4D9CD786ED1D,B9EA48
$BD6F2AEB4FE3CEA5,BFC66771C970E,BFE4D9CD786ED1D,BFC66771C970E
4 31 169
4 32 201
4 33 403
4 34 427
4 35 0
4 36 0
3 25 ->
4 26 430
4 27 4
4 28 0
4 29 [2]
$1,-1
4 30 [2][4]
$BFEB443413A56981,B9E79C,4012D97C7F332211,3FE29032DC68BAA3
$BD6F1D0BF056590C,B9D3C4A51DED54F8,4012D97C7F3321D2,3FF6E1B307CE6347
4 31 170
4 32 200
4 33 312
4 34 196
4 35 0
4 36 0
3 25 ->
4 26 429
4 27 4
4 28 0
4 29 [2]
$1,-1
4 30 [2][4]
$BFEB443413A56981,B9E79C,4012D97C7F332211,3FE29032DC68BAA3
$BD6F1D0BF056590C,B9D3C4A51DED54F8,4012D97C7F3321D2,3FF6E1B307CE6347
4 31 169
4 32 199
4 33 311
4 34 195
4 35 0
4 36 0
3 25 ->
4 26 426
4 27 4
4 28 0
4 29 [2]
$1,-1
4 30 [2][4]
$4008A64EBD987C4,40052002782536,BFEB443413A4728C,B9D4E8
$4008A64EBD987C4,3D7,BFEB443413A4728D,C005200278252E
4 31 194
4 32 170
4 33 432
4 34 430
4 35 0
4 36 0
3 25 ->
4 26 425
4 27 4
4 28 0
4 29 [2]
$1,-1
4 30 [2][4]
$4008A64EBD987C4,40052002782536,BFEB443413A4728C,B9D4E8
$4008A64EBD987C4,3D7,BFEB443413A4728D,C005200278252E
4 31 193
4 32 169
4 33 431
4 34 429
4 35 0
4 36 0
3 25 ->
4 26 300
4 27 4
4 28 0
4 29 [2]
$1,-1
4 30 [2][4]
$BFE4D9CD786ECE42,C00011C12EE0EE,3FC333333332BF2E,3D7
$BFE4D9CD786ECE4,BFE61FEF39ABA8,3FC333333332BF32,3FF5138AC0EC18
4 31 202
4 32 174
4 33 204
4 34 148
4 35 0
4 36 0
3 25 ->
4 26 299
4 27 4
4 28 0
4 29 [2]
$1,-1
4 30 [2][4]
$BFE4D9CD786ECE42,C00011C12EE0EE,3FC333333332BF2E,3D7
$BFE4D9CD786ECE4,BFE61FEF39ABA8,3FC333333332BF32,3FF5138AC0EC18
4 31 201
4 32 173
4 33 203
4 34 147
4 35 0
4 36 0
3 25 ->
4 26 178
4 27 4
4 28 0
4 29 [2]
$1,-1
4 30 [2][4]
$3FDDC5C1AD994C,3D7,BFE621FCED4ED064,3D56C59
$3E9E70B18,3FDDC5C09C3AA,BFA1498AAA1435D8,3E45146084D8
4 31 194
4 32 176
4 33 420
4 34 434
4 35 0
4 36 0
3 25 ->
4 26 177
4 27 4
4 28 0
4 29 [2]
$1,-1
4 30 [2][4]
$3FDDC5C1AD994C,3D7,BFE621FCED4ED064,3D56C59
$3E9E70B18,3FDDC5C09C3AA,BFA1498AAA1435D8,3E45146084D8
4 31 193
4 32 175
4 33 419
4 34 433
4 35 0
4 36 0
3 25 ->
4 26 416
4 27 4
4 28 0
4 29 [2]
$1,-1
4 30 [2][4]
$BFE06A09576C44,3FE06A09CB6E8,BE89F304DB298,3FC9A99A83BA915A
$3E17FE4,BDEBF8,BFE736947051401A,3FC9A99A6CF76C83
4 31 180
4 32 176
4 33 436
4 34 418
4 35 0
4 36 0
3 25 ->
4 26 415
4 27 4
4 28 0
4 29 [2]
$1,-1
4 30 [2][4]
$BFE06A09576C44,3FE06A09CB6E8,BE89F304DB298,3FC9A99A83BA915A
$3E17FE4,BDEBF8,BFE736947051401A,3FC9A99A6CF76C83
4 31 179
4 32 175
4 33 435
4 34 417
4 35 0
4 36 0
3 25 ->
4 26 434
4 27 4
4 28 0
4 29 [2]
$1,-1
4 30 [2][4]
$3FE4D9CD74F11D67,4005222B2C4AF681,BFE736947051401A,3FC9A99A7ACEF12C
$3FEB443413A46C76,400567510D0C1E01,BFE621FCED4EC23F,3D61974
4 31 206
4 32 176
4 33 432
4 34 416
4 35 0
4 36 0
3 25 ->
4 26 433
4 27 4
4 28 0
4 29 [2]
$1,-1
4 30 [2][4]
$3FE4D9CD74F11D67,4005222B2C4AF681,BFE736947051401A,3FC9A99A7ACEF12C
$3FEB443413A46C76,400567510D0C1E01,BFE621FCED4EC23F,3D61974
4 31 205
4 32 175
4 33 431
4 34 415
4 35 0
4 36 0
3 25 ->
4 26 186
4 27 4
4 28 0
4 29 [2]
$1,-1
4 30 [5][4]
$401921FB54442D18,3FE8F69942C9E47,BFE06A08D3F004,3FABEDFCB0878
$4017E23F5F0FB585,3FE8F69942C9E474,BFE0546D56225,3FA359925B87
$401634A91470D03C,3FE8F69942C9E451,BFDFEF4500C4C8,3F928906994A
$40148712C9D1E46C,3FE8F69942C9E45D,BFDEC25CEA9852,3F7360150E8C
$4012D97C7F32F648,3FE8F69942C9E47,BFDD565211D0A2,3D9B
4 31 184
4 32 180
4 33 438
4 34 182
4 35 0
4 36 0
3 25 ->
4 26 185
4 27 4
4 28 0
4 29 [2]
$1,-1
4 30 [5][4]
$401921FB54442D18,3FE8F69942C9E47,BFE06A08D3F004,3FABEDFCB0878
$4017E23F5F0FB585,3FE8F69942C9E474,BFE0546D56225,3FA359925B87
$401634A91470D03C,3FE8F69942C9E451,BFDFEF4500C4C8,3F928906994A
$40148712C9D1E46C,3FE8F69942C9E45D,BFDEC25CEA9852,3F7360150E8C
$4012D97C7F32F648,3FE8F69942C9E47,BFDD565211D0A2,3D9B
4 31 183
4 32 179
4 33 437
4 34 181
4 35 0
4 36 0
3 25 ->
4 26 436
4 27 4
4 28 0
4 29 [2]
$1,-1
4 30 [2][4]
$3FE4D9CD74F11D5C,4008CCF56EAC8A02,BFDD565211D0A2,BDFEF4
$3FE4D9CD74F11D67,4005222B2C4AF681,3E13BFA,BDFEF4
4 31 206
4 32 180
4 33 434
4 34 186
4 35 0
4 36 0
3 25 ->
4 26 435
4 27 4
4 28 0
4 29 [2]
$1,-1
4 30 [2][4]
$3FE4D9CD74F11D5C,4008CCF56EAC8A02,BFDD565211D0A2,BDFEF4
$3FE4D9CD74F11D67,4005222B2C4AF681,3E13BFA,BDFEF4
4 31 205
4 32 179
4 33 433
4 34 185
4 35 0
4 36 0
3 25 ->
4 26 440
4 27 4
4 28 0
4 29 [2]
$1,-1
4 30 [8][4]
$400921FB54442D18,3FF6E1B307C52238,401921FB54442D18,3FF6E1B307CBE2F5
$400A8B7C2264FD77,3FF6E1B307C52243,40186D3AED33BD3F,3FF6E1B307CBE3
$400C6766470FE535,3FF6E1B307C52237,40177F45DADE4E05,3FF6E1B307CBE2F4
$400E43506BBAC2CA,3FF6E1B307C52246,40169150C888E1DA,3FF6E1B307CBE303
$40100F9D4832D24,3FF6E1B307C5221A,4015A35BB633743E,3FF6E1B307CBE2D7
$4010FD925A884A7,3FF6E1B307C5224,4014B566A3DDFBE,3FF6E1B307CBE2FD
$4011EB876CDDBAA8,3FF6E1B307C5221D,4013C77191888A22,3FF6E1B307CBE2DA
$4012D97C7F332D12,3FF6E1B307C5221D,4012D97C7F331692,3FF6E1B307CBE2DB
4 31 210
4 32 184
4 33 236
4 34 414
4 35 0
4 36 0
3 25 ->
4 26 439
4 27 4
4 28 0
4 29 [2]
$1,-1
4 30 [8][4]
$400921FB54442D18,3FF6E1B307C52238,401921FB54442D18,3FF6E1B307CBE2F5
$400A8B7C2264FD77,3FF6E1B307C52243,40186D3AED33BD3F,3FF6E1B307CBE3
$400C6766470FE535,3FF6E1B307C52237,40177F45DADE4E05,3FF6E1B307CBE2F4
$400E43506BBAC2CA,3FF6E1B307C52246,40169150C888E1DA,3FF6E1B307CBE303
$40100F9D4832D24,3FF6E1B307C5221A,4015A35BB633743E,3FF6E1B307CBE2D7
$4010FD925A884A7,3FF6E1B307C5224,4014B566A3DDFBE,3FF6E1B307CBE2FD
$4011EB876CDDBAA8,3FF6E1B307C5221D,4013C77191888A22,3FF6E1B307CBE2DA
$4012D97C7F332D12,3FF6E1B307C5221D,4012D97C7F331692,3FF6E1B307CBE2DB
4 31 209
4 32 183
4 33 235
4 34 413
4 35 0
4 36 0
3 25 ->
4 26 438
4 27 4
4 28 0
4 29 [2]
$1,-1
4 30 [2][4]
$BD43C2CB2462B8D8,4008CCF56EAC8A02,4012D97C7F330A12,3FF6E1B307CBE46D
$3FE4D9CD76B0696A,4008CCF56EAC8A02,4012D97C7F32F648,3FE8F69944881FA2
4 31 206
4 32 184
4 33 436
4 34 440
4 35 0
4 36 0
3 25 ->
4 26 437
4 27 4
4 28 0
4 29 [2]
$1,-1
4 30 [2][4]
$BD43C2CB2462B8D8,4008CCF56EAC8A02,4012D97C7F330A12,3FF6E1B307CBE46D
$3FE4D9CD76B0696A,4008CCF56EAC8A02,4012D97C7F32F648,3FE8F69944881FA2
4 31 205
4 32 183
4 33 435
4 34 439
4 35 0
4 36 0
3 25 ->
4 26 276
4 27 4
4 28 0
4 29 [2]
$1,-1
4 30 [2][4]
$BD6B0D9F9324C1FD,BFE61FEF39ABA,BFC3333333338BD3,BDA1
$BD6B1044A7AA8367,C00011C12EE0F6,BFC3333333338BD8,BFF5138AC0ECA4
4 31 214
4 32 188
4 33 216
4 34 158
4 35 0
4 36 0
3 25 ->
4 26 275
4 27 4
4 28 0
4 29 [2]
$1,-1
4 30 [2][4]
$BD6B0D9F9324C1FD,BFE61FEF39ABA,BFC3333333338BD3,BDA1
$BD6B1044A7AA8367,C00011C12EE0F6,BFC3333333338BD8,BFF5138AC0ECA4
4 31 213
4 32 187
4 33 215
4 34 157
4 35 0
4 36 0
3 25 ->
4 26 192
4 27 4
4 28 0
4 29 [2]
$1,-1
4 30 [4][4]
$3E9E70934,40052002782536,3FF921FB54442C1C,3FE29032DC735D8C
$3F64AC4BF943,40053CDA0B81EE,3FFECE3F55AF51B8,3FE29032DC735D9A
$3F91CE8F0DA8C,40056431494CC4,4004448D7F8D89E6,3FE29032DC735D7D
$3FA4C4F504AEA,400573160F56D,400921FB54437AC8,3FE29032DC735D32
4 31 194
4 32 190
4 33 442
4 34 422
4 35 0
4 36 0
3 25 ->
4 26 191
4 27 4
4 28 0
4 29 [2]
$1,-1
4 30 [4][4]
$3E9E70934,40052002782536,3FF921FB54442C1C,3FE29032DC735D8C
$3F64AC4BF943,40053CDA0B81EE,3FFECE3F55AF51B8,3FE29032DC735D9A
$3F91CE8F0DA8C,40056431494CC4,4004448D7F8D89E6,3FE29032DC735D7D
$3FA4C4F504AEA,400573160F56D,400921FB54437AC8,3FE29032DC735D32
4 31 193
4 32 189
4 33 441
4 34 421
4 35 0
4 36 0
3 25 ->
4 26 444
4 27 4
4 28 0
4 29 [2]
$1,-1
4 30 [2][4]
$BD9F59F4371FBF14,4008002752546842,400921FB54437AC8,3FE29032DC744514
$3FEB443413A466CA,4008002752546842,400921FB5443E499,3FF6E1B307D437DF
4 31 222
4 32 190
4 33 446
4 34 192
4 35 0
4 36 0
3 25 ->
4 26 443
4 27 4
4 28 0
4 29 [2]
$1,-1
4 30 [2][4]
$BD9F59F4371FBF14,4008002752546842,400921FB54437AC8,3FE29032DC744514
$3FEB443413A466CA,4008002752546842,400921FB5443E499,3FF6E1B307D437DF
4 31 221
4 32 189
4 33 445
4 34 191
4 35 0
4 36 0
3 25 ->
4 26 424
4 27 4
4 28 0
4 29 [2]
$1,-1
4 30 [8][4]
$3FF921FB54442D18,3FF6E1B307C416DD,400921FB5443E999,3FF6E1B307D4396
$3FFBF4FCF08590CD,3FF6E1B307C416C6,4007B87A862339CA,3FF6E1B307D43973
$3FFFACD139DB5722,3FF6E1B307C416DC,4005DC9061785C96,3FF6E1B307D439BF
$4001B252C198990F,3FF6E1B307C416BD,400400A63CCD6DEE,3FF6E1B307D439D1
$40038E3CE6437943,3FF6E1B307C416E9,400224BC18229C85,3FF6E1B307D43A25
$40056A270AEE67DB,3FF6E1B307C416E7,400048D1F377B452,3FF6E1B307D43A41
$400746112F994C08,3FF6E1B307C416F7,3FFCD9CF9D99D8AC,3FF6E1B307D43A65
$400921FB54442D18,3FF6E1B307C416F7,3FF921FB54442D18,3FF6E1B307D43A6C
4 31 218
4 32 190
4 33 448
4 34 444
4 35 0
4 36 0
3 25 ->
4 26 423
4 27 4
4 28 0
4 29 [2]
$1,-1
4 30 [8][4]
$3FF921FB54442D18,3FF6E1B307C416DD,400921FB5443E999,3FF6E1B307D4396
$3FFBF4FCF08590CD,3FF6E1B307C416C6,4007B87A862339CA,3FF6E1B307D43973
$3FFFACD139DB5722,3FF6E1B307C416DC,4005DC9061785C96,3FF6E1B307D439BF
$4001B252C198990F,3FF6E1B307C416BD,400400A63CCD6DEE,3FF6E1B307D439D1
$40038E3CE6437943,3FF6E1B307C416E9,400224BC18229C85,3FF6E1B307D43A25
$40056A270AEE67DB,3FF6E1B307C416E7,400048D1F377B452,3FF6E1B307D43A41
$400746112F994C08,3FF6E1B307C416F7,3FFCD9CF9D99D8AC,3FF6E1B307D43A65
$400921FB54442D18,3FF6E1B307C416F7,3FF921FB54442D18,3FF6E1B307D43A6C
4 31 217
4 32 189
4 33 447
4 34 443
4 35 0
4 36 0
3 25 ->
4 26 196
4 27 4
4 28 0
4 29 [2]
$1,-1
4 30 [4][4]
$4012D97C7F332211,3FE29032DC67CD4A,4008A64EBD98944,40052002782536
$40116E6B7ED8FDCC,3FE29032DC67CD3B,4008A123E77B704,40053CDA0B81D6
$400DFF6928FB171E,3FE29032DC67CCDF,400882B1DC5E798,40056431494CA6
$400921FB54442CE9,3FE29032DC67CD26,4008533B266719C,400573160F56B
4 31 200
4 32 194
4 33 224
4 34 426
4 35 0
4 36 0
3 25 ->
4 26 195
4 27 4
4 28 0
4 29 [2]
$1,-1
4 30 [4][4]
$4012D97C7F332211,3FE29032DC67CD4A,4008A64EBD98944,40052002782536
$40116E6B7ED8FDCC,3FE29032DC67CD3B,4008A123E77B704,40053CDA0B81D6
$400DFF6928FB171E,3FE29032DC67CCDF,400882B1DC5E798,40056431494CA6
$400921FB54442CE9,3FE29032DC67CD26,4008533B266719C,400573160F56B
4 31 199
4 32 193
4 33 223
4 34 425
4 35 0
4 36 0
3 25 ->
4 26 442
4 27 4
4 28 0
4 29 [2]
$1,-1
4 30 [2][4]
$BD4031E04E2D3426,3D72000000000001,4008533B266719C,400573160F56A2
$BD3F546A3B1627C7,4008002752546842,3FA4C4F504AEA,400573160F56A2
4 31 222
4 32 194
4 33 444
4 34 196
4 35 0
4 36 0
3 25 ->
4 26 441
4 27 4
4 28 0
4 29 [2]
$1,-1
4 30 [2][4]
$BD4031E04E2D3426,3D72000000000001,4008533B266719C,400573160F56A2
$BD3F546A3B1627C7,4008002752546842,3FA4C4F504AEA,400573160F56A2
4 31 221
4 32 193
4 33 443
4 34 195
4 35 0
4 36 0
3 25 ->
4 26 432
4 27 4
4 28 0
4 29 [2]
$1,-1
4 30 [2][4]
$3FEB443413A46C8A,400567510D0C1E01,3FDDC5C1AD994E,3D7C
$3FEB443413A46CCA,3FAE6EA149B2E002,4008A64EBD987C4,3D7C
4 31 206
4 32 194
4 33 172
4 34 178
4 35 0
4 36 0
3 25 ->
4 26 431
4 27 4
4 28 0
4 29 [2]
$1,-1
4 30 [2][4]
$3FEB443413A46C8A,400567510D0C1E01,3FDDC5C1AD994E,3D7C
$3FEB443413A46CCA,3FAE6EA149B2E002,4008A64EBD987C4,3D7C
4 31 205
4 32 193
4 33 171
4 34 177
4 35 0
4 36 0
3 25 ->
4 26 450
4 27 4
4 28 0
4 29 [2]
$1,-1
4 30 [8][4]
$0,3FF6E1B307C34728,4012D97C7F3321D2,3FF6E1B307CE6D08
$3FC6980CE1F6BD84,3FF6E1B307C3472D,401224BC18236A3E,3FF6E1B307CE6D0E
$3FDA2B5796531344,3FF6E1B307C3470A,401136C705CDEB08,3FF6E1B307CE6CEE
$3FE485545DD5F564,3FF6E1B307C346FD,401048D1F3785E8A,3FF6E1B307CE6CE7
$3FEBF4FCF082474,3FF6E1B307C34723,400EB5B9C245A252,3FF6E1B307CE6D15
$3FF1B252C1975BFD,3FF6E1B307C34758,400CD9CF9D9A85A1,3FF6E1B307CE6D54
$3FF56A270AED71B5,3FF6E1B307C34732,400AFDE578EF7B7B,3FF6E1B307CE6D3A
$3FF921FB54438D19,3FF6E1B307C34728,400921FB54446E17,3FF6E1B307CE6D3D
4 31 226
4 32 200
4 33 452
4 34 430
4 35 0
4 36 0
3 25 ->
4 26 449
4 27 4
4 28 0
4 29 [2]
$1,-1
4 30 [8][4]
$0,3FF6E1B307C34728,4012D97C7F3321D2,3FF6E1B307CE6D08
$3FC6980CE1F6BD84,3FF6E1B307C3472D,401224BC18236A3E,3FF6E1B307CE6D0E
$3FDA2B5796531344,3FF6E1B307C3470A,401136C705CDEB08,3FF6E1B307CE6CEE
$3FE485545DD5F564,3FF6E1B307C346FD,401048D1F3785E8A,3FF6E1B307CE6CE7
$3FEBF4FCF082474,3FF6E1B307C34723,400EB5B9C245A252,3FF6E1B307CE6D15
$3FF1B252C1975BFD,3FF6E1B307C34758,400CD9CF9D9A85A1,3FF6E1B307CE6D54
$3FF56A270AED71B5,3FF6E1B307C34732,400AFDE578EF7B7B,3FF6E1B307CE6D3A
$3FF921FB54438D19,3FF6E1B307C34728,400921FB54446E17,3FF6E1B307CE6D3D
4 31 225
4 32 199
4 33 451
4 34 429
4 35 0
4 36 0
3 25 ->
4 26 224
4 27 4
4 28 0
4 29 [2]
$1,-1
4 30 [2][4]
$3FEB443413A468EA,3D71FFFFFFFFFFFE,400921FB54442D18,3FF6E1B307CE718E
$BD9F612FB1B772AE,3D71FFFFFFFFFFFF,400921FB54442CE9,3FE29032DC68BDC5
4 31 222
4 32 200
4 33 442
4 34 450
4 35 0
4 36 0
3 25 ->
4 26 223
4 27 4
4 28 0
4 29 [2]
$1,-1
4 30 [2][4]
$3FEB443413A468EA,3D71FFFFFFFFFFFE,400921FB54442D18,3FF6E1B307CE718E
$BD9F612FB1B772AE,3D71FFFFFFFFFFFF,400921FB54442CE9,3FE29032DC68BDC5
4 31 221
4 32 199
4 33 441
4 34 449
4 35 0
4 36 0
3 25 ->
4 26 454
4 27 4
4 28 0
4 29 [2]
$1,-1
4 30 [2][4]
$3D29502D12F49AF7,C0053CA6D3B5E8,3D5DDB55F3EA2119,3FA7458A658A5
$BFE4D9CD786EC604,C00599BCFD4BF8,3FE4D9CD786ED141,3D67000000000005
4 31 202
4 32 234
4 33 402
4 34 456
4 35 0
4 36 0
3 25 ->
4 26 453
4 27 4
4 28 0
4 29 [2]
$1,-1
4 30 [2][4]
$3D29502D12F49AF7,C0053CA6D3B5E8,3D5DDB55F3EA2119,3FA7458A658A5
$BFE4D9CD786EC604,C00599BCFD4BF8,3FE4D9CD786ED141,3D67000000000005
4 31 201
4 32 233
4 33 401
4 34 455
4 35 0
4 36 0
3 25 ->
4 26 232
4 27 4
4 28 0
4 29 [2]
$1,-1
4 30 [2][4]
$3D718,3D5,3D161233E96F20F8,C0053CA6D3B5E8
$3D718,40053CA6D3B5EA,3D16520C005202F8,39BDF72A695F83B7
4 31 230
4 32 202
4 33 228
4 34 454
4 35 0
4 36 0
3 25 ->
4 26 231
4 27 4
4 28 0
4 29 [2]
$1,-1
4 30 [2][4]
$3D718,3D5,3D161233E96F20F8,C0053CA6D3B5E8
$3D718,40053CA6D3B5EA,3D16520C005202F8,39BDF72A695F83B7
4 31 229
4 32 201
4 33 227
4 34 453
4 35 0
4 36 0
3 25 ->
4 26 428
4 27 4
4 28 0
4 29 [2]
$1,-1
4 30 [2][4]
$0,3FE8F69942B8C80C,3DA0C2F796E7E225,B9E681178547CA8
$0,3FF6E1B307BB7831,BFE4D9CD785EFFAB,39DC1
4 31 226
4 32 202
4 33 450
4 34 232
4 35 0
4 36 0
3 25 ->
4 26 427
4 27 4
4 28 0
4 29 [2]
$1,-1
4 30 [2][4]
$0,3FE8F69942B8C80C,3DA0C2F796E7E225,B9E681178547CA8
$0,3FF6E1B307BB7831,BFE4D9CD785EFFAB,39DC1
4 31 225
4 32 201
4 33 449
4 34 231
4 35 0
4 36 0
3 25 ->
4 26 208
4 27 4
4 28 0
4 29 [2]
$1,-1
4 30 [2][4]
$3FE4D9CD786EC4E2,4008CCF56EAC8C8,BD4421A0588014D3,4008CCF56EAC8C82
$3FE4D9CD786EC542,3D4800000000002A,BD42CD951279E1B9,3D48000000000009
4 31 234
4 32 206
4 33 454
4 34 438
4 35 0
4 36 0
3 25 ->
4 26 207
4 27 4
4 28 0
4 29 [2]
$1,-1
4 30 [2][4]
$3FE4D9CD786EC4E2,4008CCF56EAC8C8,BD4421A0588014D3,4008CCF56EAC8C82
$3FE4D9CD786EC542,3D4800000000002A,BD42CD951279E1B9,3D48000000000009
4 31 233
4 32 205
4 33 453
4 34 437
4 35 0
4 36 0
3 25 ->
4 26 212
4 27 4
4 28 0
4 29 [2]
$1,-1
4 30 [5][4]
$3FE4F8F93C17F7,3FABEDFCB0878,400921FB54442D18,3FE8F69942BC789C
$3FE4E35DBE4A36,3FA359925B84,400BA1733EADAA03,3FE8F69942BC7896
$3FE48692E88A3C,3F9289069944,400EFC9FD3EB1C3C,3FE8F69942BC783C
$3FE3F01EDD73F4,3F7360150E7,40112BE63494678A,3FE8F69942BC7871
$3FE33A19711011,3D93,4012D97C7F333672,3FE8F69942BC78D1
4 31 238
4 32 210
4 33 458
4 34 412
4 35 0
4 36 0
3 25 ->
4 26 211
4 27 4
4 28 0
4 29 [2]
$1,-1
4 30 [5][4]
$3FE4F8F93C17F7,3FABEDFCB0878,400921FB54442D18,3FE8F69942BC789C
$3FE4E35DBE4A36,3FA359925B84,400BA1733EADAA03,3FE8F69942BC7896
$3FE48692E88A3C,3F9289069944,400EFC9FD3EB1C3C,3FE8F69942BC783C
$3FE3F01EDD73F4,3F7360150E7,40112BE63494678A,3FE8F69942BC7871
$3FE33A19711011,3D93,4012D97C7F333672,3FE8F69942BC78D1
4 31 237
4 32 209
4 33 457
4 34 411
4 35 0
4 36 0
3 25 ->
4 26 236
4 27 4
4 28 0
4 29 [2]
$1,-1
4 30 [2][4]
$BD8C668C705542FC,4008CCF56EAC8C8,4012D97C7F333672,3FE8F69942BD03D1
$3FE4D9CD786EC4BD,4008CCF56EAC8C8,4012D97C7F332D12,3FF6E1B307C5268C
4 31 234
4 32 210
4 33 208
4 34 212
4 35 0
4 36 0
3 25 ->
4 26 235
4 27 4
4 28 0
4 29 [2]
$1,-1
4 30 [2][4]
$BD8C668C705542FC,4008CCF56EAC8C8,4012D97C7F333672,3FE8F69942BD03D1
$3FE4D9CD786EC4BD,4008CCF56EAC8C8,4012D97C7F332D12,3FF6E1B307C5268C
4 31 233
4 32 209
4 33 207
4 34 211
4 35 0
4 36 0
3 25 ->
4 26 412
4 27 4
4 28 0
4 29 [2]
$1,-1
4 30 [2][4]
$BD60FCD5BEA5A387,C004CCEEE0F3CC,400921FB54442D18,3FF6E1B307C51B57
$BFE4D9CD786F38F8,C004CCEEE0F3CC,400921FB54442D18,3FE8F69942BCFB9D
4 31 214
4 32 210
4 33 460
4 34 440
4 35 0
4 36 0
3 25 ->
4 26 411
4 27 4
4 28 0
4 29 [2]
$1,-1
4 30 [2][4]
$BD60FCD5BEA5A387,C004CCEEE0F3CC,400921FB54442D18,3FF6E1B307C51B57
$BFE4D9CD786F38F8,C004CCEEE0F3CC,400921FB54442D18,3FE8F69942BCFB9D
4 31 213
4 32 209
4 33 459
4 34 439
4 35 0
4 36 0
3 25 ->
4 26 448
4 27 4
4 28 0
4 29 [2]
$1,-1
4 30 [2][4]
$400921FB54442D18,3FF6E1B307B86832,BDE770782C61AE39,39F8D7DF2614BC
$400921FB54442D4D,3FE8F69942BA6E53,BFE4D9CD786FB119,B9FC88
4 31 218
4 32 214
4 33 220
4 34 400
4 35 0
4 36 0
3 25 ->
4 26 447
4 27 4
4 28 0
4 29 [2]
$1,-1
4 30 [2][4]
$400921FB54442D18,3FF6E1B307B86832,BDE770782C61AE39,39F8D7DF2614BC
$400921FB54442D4D,3FE8F69942BA6E53,BFE4D9CD786FB119,B9FC88
4 31 217
4 32 213
4 33 219
4 34 399
4 35 0
4 36 0
3 25 ->
4 26 460
4 27 4
4 28 0
4 29 [2]
$1,-1
4 30 [2][4]
$3FE4F8F93C181B,40053CA6D3B5EA,BFE4D9CD786EB72C,B9CB
$3FE4F8F93C181B,3FABEDFCB0878,BFE4D9CD786EB72F,C004CCEEE0F3CC
4 31 238
4 32 214
4 33 212
4 34 448
4 35 0
4 36 0
3 25 ->
4 26 459
4 27 4
4 28 0
4 29 [2]
$1,-1
4 30 [2][4]
$3FE4F8F93C181B,40053CA6D3B5EA,BFE4D9CD786EB72C,B9CB
$3FE4F8F93C181B,3FABEDFCB0878,BFE4D9CD786EB72F,C004CCEEE0F3CC
4 31 237
4 32 213
4 33 211
4 34 447
4 35 0
4 36 0
3 25 ->
4 26 220
4 27 4
4 28 0
4 29 [2]
$1,-1
4 30 [5][4]
$3FE33A19711016,4005AC5EC677D8,3FF921FB544450FB,3FE8F69942BA6013
$3FE3C36016601F,4005A6F7E7046A,3FFE20EB291606CE,3FE8F69942BA5FDA
$3FE464B1074E46,40058FC531946E,40026BA229C8D863,3FE8F69942BA5FAA
$3FE4D23911FB83,40056A282ECEE2,4005C6CEBF06571A,3FE8F69942BA602C
$3FE4F8F93C17C9,40053CA6D3B5EA,400921FB54442D4D,3FE8F69942BA6
4 31 238
4 32 218
4 33 460
4 34 462
4 35 0
4 36 0
3 25 ->
4 26 219
4 27 4
4 28 0
4 29 [2]
$1,-1
4 30 [5][4]
$3FE33A19711016,4005AC5EC677D8,3FF921FB544450FB,3FE8F69942BA6013
$3FE3C36016601F,4005A6F7E7046A,3FFE20EB291606CE,3FE8F69942BA5FDA
$3FE464B1074E46,40058FC531946E,40026BA229C8D863,3FE8F69942BA5FAA
$3FE4D23911FB83,40056A282ECEE2,4005C6CEBF06571A,3FE8F69942BA602C
$3FE4F8F93C17C9,40053CA6D3B5EA,400921FB54442D4D,3FE8F69942BA6
4 31 237
4 32 217
4 33 459
4 34 461
4 35 0
4 36 0
3 25 ->
4 26 462
4 27 4
4 28 0
4 29 [2]
$1,-1
4 30 [2][4]
$BD30D7433D69D747,40080027525468C,3FF921FB54444118,3FF6E1B307C417B3
$3FE4D9CD786F2F18,40080027525468C,3FF921FB544450FB,3FE8F69942BAEB34
4 31 240
4 32 218
4 33 464
4 34 424
4 35 0
4 36 0
3 25 ->
4 26 461
4 27 4
4 28 0
4 29 [2]
$1,-1
4 30 [2][4]
$BD30D7433D69D747,40080027525468C,3FF921FB54444118,3FF6E1B307C417B3
$3FE4D9CD786F2F18,40080027525468C,3FF921FB544450FB,3FE8F69942BAEB34
4 31 239
4 32 217
4 33 463
4 34 423
4 35 0
4 36 0
3 25 ->
4 26 446
4 27 4
4 28 0
4 29 [2]
$1,-1
4 30 [2][4]
$BD329B24F15495D5,3D53FFFFFFFFFFFE,3FEB443413A466D7,3D53FFFFFFFFFFF4
$BD30ADF1D56779AE,40080027525468C,3FEB443413A46706,40080027525468C2
4 31 240
4 32 222
4 33 462
4 34 224
4 35 0
4 36 0
3 25 ->
4 26 445
4 27 4
4 28 0
4 29 [2]
$1,-1
4 30 [2][4]
$BD329B24F15495D5,3D53FFFFFFFFFFFE,3FEB443413A466D7,3D53FFFFFFFFFFF4
$BD30ADF1D56779AE,40080027525468C,3FEB443413A46706,40080027525468C2
4 31 239
4 32 221
4 33 461
4 34 223
4 35 0
4 36 0
3 25 ->
4 26 228
4 27 4
4 28 0
4 29 [2]
$1,-1
4 30 [5][4]
$3D944,40053CA6D3B5EA,0,3FE8F69942B8C80C
$3F659B7DCE4B,40055EF87D09E2,3FD3FBBF5341B6BD,3FE8F69942B8C7F5
$3F8C9994E389C,4005874CB9456C,3FE76A91FE983D71,3FE8F69942B8C7F1
$3FA08DA5EA459,4005A2AEBBF0BC,3FF26BA229C7E373,3FE8F69942B8C7B6
$3FABEDFCB082C,4005AC5EC677D,3FF921FB54439A71,3FE8F69942B8C7E8
4 31 230
4 32 226
4 33 466
4 34 428
4 35 0
4 36 0
3 25 ->
4 26 227
4 27 4
4 28 0
4 29 [2]
$1,-1
4 30 [5][4]
$3D944,40053CA6D3B5EA,0,3FE8F69942B8C80C
$3F659B7DCE4B,40055EF87D09E2,3FD3FBBF5341B6BD,3FE8F69942B8C7F5
$3F8C9994E389C,4005874CB9456C,3FE76A91FE983D71,3FE8F69942B8C7F1
$3FA08DA5EA459,4005A2AEBBF0BC,3FF26BA229C7E373,3FE8F69942B8C7B6
$3FABEDFCB082C,4005AC5EC677D,3FF921FB54439A71,3FE8F69942B8C7E8
4 31 229
4 32 225
4 33 465
4 34 427
4 35 0
4 36 0
3 25 ->
4 26 452
4 27 4
4 28 0
4 29 [2]
$1,-1
4 30 [2][4]
$3FE4D9CD786F3409,3D53FFFFFFFFFFF9,3FF921FB544307C9,3FE8F69942B95032
$BD32616D2561DA5E,3D53FFFFFFFFFFFF,3FF921FB54438D19,3FF6E1B307C34CC5
4 31 240
4 32 226
4 33 446
4 34 228
4 35 0
4 36 0
3 25 ->
4 26 451
4 27 4
4 28 0
4 29 [2]
$1,-1
4 30 [2][4]
$3FE4D9CD786F3409,3D53FFFFFFFFFFF9,3FF921FB544307C9,3FE8F69942B95032
$BD32616D2561DA5E,3D53FFFFFFFFFFFF,3FF921FB54438D19,3FF6E1B307C34CC5
4 31 239
4 32 225
4 33 445
4 34 227
4 35 0
4 36 0
3 25 ->
4 26 456
4 27 4
4 28 0
4 29 [2]
$1,-1
4 30 [2][4]
$3D5D0DD66A3FD9A5,3FA7458A658A5,3D718,0
$3D5CE5EF5BF20C64,3FE66D51E270D2,3FE4F8F93C185,0
4 31 234
4 32 230
4 33 468
4 34 232
4 35 0
4 36 0
3 25 ->
4 26 455
4 27 4
4 28 0
4 29 [2]
$1,-1
4 30 [2][4]
$3D5D0DD66A3FD9A5,3FA7458A658A5,3D718,0
$3D5CE5EF5BF20C64,3FE66D51E270D2,3FE4F8F93C185,0
4 31 233
4 32 229
4 33 467
4 34 231
4 35 0
4 36 0
3 25 ->
4 26 246
4 27 4
4 28 0
4 29 [2]
$1,-1
4 30 [2][4]
$0,C005AC5EC67802,3FE4F8F93C185,3D7
$0,BD7C,3FE4F8F93C185,4005AC5EC677FC
4 31 244
4 32 230
4 33 258
4 34 456
4 35 0
4 36 0
3 25 ->
4 26 245
4 27 4
4 28 0
4 29 [2]
$1,-1
4 30 [2][4]
$0,C005AC5EC67802,3FE4F8F93C185,3D7
$0,BD7C,3FE4F8F93C185,4005AC5EC677FC
4 31 243
4 32 229
4 33 257
4 34 455
4 35 0
4 36 0
3 25 ->
4 26 466
4 27 4
4 28 0
4 29 [2]
$1,-1
4 30 [2][4]
$3FE4D9CD786EB4AA,3FE33A1971103E,3FE4F8F93C185,4005AC5EC677F
$3FE4D9CD786EB49F,3D69FFFFFFFFFFF8,3FABEDFCB082C,4005AC5EC677F
4 31 240
4 32 230
4 33 452
4 34 246
4 35 0
4 36 0
3 25 ->
4 26 465
4 27 4
4 28 0
4 29 [2]
$1,-1
4 30 [2][4]
$3FE4D9CD786EB4AA,3FE33A1971103E,3FE4F8F93C185,4005AC5EC677F
$3FE4D9CD786EB49F,3D69FFFFFFFFFFF8,3FABEDFCB082C,4005AC5EC677F
4 31 239
4 32 229
4 33 451
4 34 245
4 35 0
4 36 0
3 25 ->
4 26 458
4 27 4
4 28 0
4 29 [2]
$1,-1
4 30 [2][4]
$3FE33A19711011,0,3D6030E0EDD1A8B4,4008CCF56EAC8C8
$3D2,0,3D603ADAB1651C04,4003FE6F1268888
4 31 238
4 32 234
4 33 254
4 34 236
4 35 0
4 36 0
3 25 ->
4 26 457
4 27 4
4 28 0
4 29 [2]
$1,-1
4 30 [2][4]
$3FE33A19711011,0,3D6030E0EDD1A8B4,4008CCF56EAC8C8
$3D2,0,3D603ADAB1651C04,4003FE6F1268888
4 31 237
4 32 233
4 33 253
4 34 235
4 35 0
4 36 0
3 25 ->
4 26 468
4 27 4
4 28 0
4 29 [2]
$1,-1
4 30 [2][4]
$3D2,BFC332F449129864,BD507BB228A3898D,4003FE6F1268888
$BFFCC6353398A78,BFC332F449129864,3D2DCD5EAEE87FA9,3FE66D51E270D2
4 31 248
4 32 234
4 33 470
4 34 458
4 35 0
4 36 0
3 25 ->
4 26 467
4 27 4
4 28 0
4 29 [2]
$1,-1
4 30 [2][4]
$3D2,BFC332F449129864,BD507BB228A3898D,4003FE6F1268888
$BFFCC6353398A78,BFC332F449129864,3D2DCD5EAEE87FA9,3FE66D51E270D2
4 31 247
4 32 233
4 33 469
4 34 457
4 35 0
4 36 0
3 25 ->
4 26 464
4 27 4
4 28 0
4 29 [2]
$1,-1
4 30 [2][4]
$3FE4D9CD786EA923,40080027525468C,3FE33A19711016,4005AC5EC677F
$3FE4D9CD786EA9A5,400331A0F610638,3D2,4005AC5EC677F
4 31 240
4 32 238
4 33 242
4 34 220
4 35 0
4 36 0
3 25 ->
4 26 463
4 27 4
4 28 0
4 29 [2]
$1,-1
4 30 [2][4]
$3FE4D9CD786EA923,40080027525468C,3FE33A19711016,4005AC5EC677F
$3FE4D9CD786EA9A5,400331A0F610638,3D2,4005AC5EC677F
4 31 239
4 32 237
4 33 241
4 34 219
4 35 0
4 36 0
3 25 ->
4 26 254
4 27 4
4 28 0
4 29 [2]
$1,-1
4 30 [2][4]
$BD71DB8,4005AC5EC67798,0,4005AC5EC677F
$BD71DB8,BD9C,0,3D9
4 31 252
4 32 238
4 33 472
4 34 464
4 35 0
4 36 0
3 25 ->
4 26 253
4 27 4
4 28 0
4 29 [2]
$1,-1
4 30 [2][4]
$BD71DB8,4005AC5EC67798,0,4005AC5EC677F
$BD71DB8,BD9C,0,3D9
4 31 251
4 32 237
4 33 471
4 34 463
4 35 0
4 36 0
3 25 ->
4 26 242
4 27 4
4 28 0
4 29 [2]
$1,-1
4 30 [2][4]
$BD33D,0,3FE4D9CD786EA78D,3FE33A1971103E
$BD33D,3FFCC6353398A8,3FE4D9CD786EA7A,400331A0F610638
4 31 256
4 32 240
4 33 474
4 34 466
4 35 0
4 36 0
3 25 ->
4 26 241
4 27 4
4 28 0
4 29 [2]
$1,-1
4 30 [2][4]
$BD33D,0,3FE4D9CD786EA78D,3FE33A1971103E
$BD33D,3FFCC6353398A8,3FE4D9CD786EA7A,400331A0F610638
4 31 255
4 32 239
4 33 473
4 34 465
4 35 0
4 36 0
3 25 ->
4 26 470
4 27 4
4 28 0
4 29 [2]
$1,-1
4 30 [2][4]
$BFFCC6353398A78,BFC332F44912969C,3D0EC,C005AC5EC677D6
$BFFCC6353398A78,BA7D4535D5D9358,3FC332F449129888,C005AC5EC677D6
4 31 248
4 32 244
4 33 250
4 34 246
4 35 0
4 36 0
3 25 ->
4 26 469
4 27 4
4 28 0
4 29 [2]
$1,-1
4 30 [2][4]
$BFFCC6353398A78,BFC332F44912969C,3D0EC,C005AC5EC677D6
$BFFCC6353398A78,BA7D4535D5D9358,3FC332F449129888,C005AC5EC677D6
4 31 247
4 32 243
4 33 249
4 34 245
4 35 0
4 36 0
3 25 ->
4 26 476
4 27 4
4 28 0
4 29 [2]
$1,-1
4 30 [2][4]
$BFFCC6353398A78,BDA,3FC332F449129888,C005AC5EC677F2
$BFFCC6353398A78,4005AC5EC677B2,3FC332F449129888,0
4 31 260
4 32 244
4 33 478
4 34 470
4 35 0
4 36 0
3 25 ->
4 26 475
4 27 4
4 28 0
4 29 [2]
$1,-1
4 30 [2][4]
$BFFCC6353398A78,BDA,3FC332F449129888,C005AC5EC677F2
$BFFCC6353398A78,4005AC5EC677B2,3FC332F449129888,0
4 31 259
4 32 243
4 33 477
4 34 469
4 35 0
4 36 0
3 25 ->
4 26 258
4 27 4
4 28 0
4 29 [2]
$1,-1
4 30 [2][4]
$3FC332F449129888,0,3FC332F449129888,0
$3D0F8,0,3D0F8,0
4 31 256
4 32 244
4 33 242
4 34 476
4 35 0
4 36 0
3 25 ->
4 26 257
4 27 4
4 28 0
4 29 [2]
$1,-1
4 30 [2][4]
$3FC332F449129888,0,3FC332F449129888,0
$3D0F8,0,3D0F8,0
4 31 255
4 32 243
4 33 241
4 34 475
4 35 0
4 36 0
3 25 ->
4 26 250
4 27 4
4 28 0
4 29 [2]
$1,-1
4 30 [2][4]
$0,BD9B,0,0
$BFFCC6353398A78,BD9B,BFFCC6353398A78,BA7D4535D5D9358
4 31 260
4 32 248
4 33 476
4 34 472
4 35 0
4 36 0
3 25 ->
4 26 249
4 27 4
4 28 0
4 29 [2]
$1,-1
4 30 [2][4]
$0,BD9B,0,0
$BFFCC6353398A78,BD9B,BFFCC6353398A78,BA7D4535D5D9358
4 31 259
4 32 247
4 33 475
4 34 471
4 35 0
4 36 0
3 25 ->
4 26 472
4 27 4
4 28 0
4 29 [2]
$1,-1
4 30 [2][4]
$BD61DB,0,0,BFC332F44912511C
$BFC332F449129888,0,0,0
4 31 252
4 32 248
4 33 262
4 34 468
4 35 0
4 36 0
3 25 ->
4 26 471
4 27 4
4 28 0
4 29 [2]
$1,-1
4 30 [2][4]
$BD61DB,0,0,BFC332F44912511C
$BFC332F449129888,0,0,0
4 31 251
4 32 247
4 33 261
4 34 467
4 35 0
4 36 0
3 25 ->
4 26 474
4 27 4
4 28 0
4 29 [2]
$1,-1
4 30 [2][4]
$BD4ED8,3FFCC6353398A78,3D4ED8,4005AC5EC677B2
$3FC332F449129888,3FFCC6353398A78,BFC332F449129888,4005AC5EC677B2
4 31 256
4 32 252
4 33 478
4 34 254
4 35 0
4 36 0
3 25 ->
4 26 473
4 27 4
4 28 0
4 29 [2]
$1,-1
4 30 [2][4]
$BD4ED8,3FFCC6353398A78,3D4ED8,4005AC5EC677B2
$3FC332F449129888,3FFCC6353398A78,BFC332F449129888,4005AC5EC677B2
4 31 255
4 32 251
4 33 477
4 34 253
4 35 0
4 36 0
3 25 ->
4 26 262
4 27 4
4 28 0
4 29 [2]
$1,-1
4 30 [2][4]
$0,4005AC5EC677AE,BFC332F449129888,4005AC5EC677AE
$0,BD7C,BFC332F449129888,BD7C
4 31 260
4 32 252
4 33 250
4 34 474
4 35 0
4 36 0
3 25 ->
4 26 261
4 27 4
4 28 0
4 29 [2]
$1,-1
4 30 [2][4]
$0,4005AC5EC677AE,BFC332F449129888,4005AC5EC677AE
$0,BD7C,BFC332F449129888,BD7C
4 31 259
4 32 251
4 33 249
4 34 473
4 35 0
4 36 0
3 25 ->
4 26 478
4 27 4
4 28 0
4 29 [2]
$1,-1
4 30 [2][4]
$BFFCC6353398A78,4005AC5EC677B2,3FC332F449129888,0
$0,4005AC5EC677B2,3FC332F449129888,3FFCC6353398A78
4 31 260
4 32 256
4 33 262
4 34 258
4 35 0
4 36 0
3 25 ->
4 26 477
4 27 4
4 28 0
4 29 [2]
$1,-1
4 30 [2][4]
$BFFCC6353398A78,4005AC5EC677B2,3FC332F449129888,0
$0,4005AC5EC677B2,3FC332F449129888,3FFCC6353398A78
4 31 259
4 32 255
4 33 261
4 34 257
4 35 0
4 36 0
@qlt_array 37 0
2 37 [1]
3 37 ->
@quilt_id 38 1
4 38 30
@data_type 39 1
4 39 57
@attr 40 1
4 40 1
@feat_id 41 1
4 41 4
@first_geom_ptr 42 1
4 42 31
@used_by_feat_id 43 1
4 43 4
@next_quilt_ptr 44 1
4 44 0
#NovisGeom
@Sld_NonVisGeom 1 0
0 1 ->
@inactive_geom 2 0
1 2 
#ActEntity
@Sld_Entities 1 0
0 1 ->
@act_feat_ents 2 0
1 2 [1]
2 2 
@feat_id 3 1
3 3 2
@datum_id 4 1
3 4 -1
@entity_ptr(coord_sys) 5 0
3 5 ->
@type 6 1
4 6 18
@id 7 1
4 7 3
@gen_info 8 0
4 8 
@color 9 1
5 9 1
@sys_type 10 1
4 10 -1
@pnt_type 11 1
4 11 -1
@radius 12 2
4 12 0
@local_sys 13 2
4 13 [4][3]
$3FF,0,0
$0,3FF,0
$0,0,3FF
$0,0,0
@feat_id 14 1
4 14 2
@entity(text) 15 0
3 15 ->
@text_type 16 1
4 16 34
@text_value 17 10
4 17 XZXX45S-9
@txt_attrib 18 1
4 18 1
@coord 19 2
4 19 [3]
$0,0,0
@owner_id 20 1
4 20 3
@height 21 2
4 21 BFF
@width_factor 22 2
4 22 BFF
@format_info 23 0
4 23 
@thickness 24 2
4 24 BFF
#AllFeatur
@Sld_Features 1 0
0 1 ->
@first_feat_ptr 2 0
1 2 ->
@id 3 1
2 3 2
@indep_attributes 4 1
2 4 4097
@feat_type_ptr 5 0
2 5 ->
@table_id 6 1
3 6 -1
@type 7 1
3 7 979
@feattype_key 8 10
3 8 NULL
@form 9 1
3 9 0
@attributes 10 1
3 10 [3]
$0,0,0
@placement 11 1
3 11 0
@intersection 12 1
3 12 -1
@internal_udf_type 13 1
3 13 -1
@param_choice_ptr 14 0
3 14 ->
@blend_choice 15 1
4 15 0
@depth_choice 16 1
4 16 0
@angle_choice 17 1
4 17 0
@pat_choice 18 1
4 18 -1
@round_choice 19 1
4 19 -1
@subsec_choice 20 1
4 20 -1
@sweep_choice 21 1
4 21 0
@dome_choice 22 1
4 22 0
@draft_choice 23 1
4 23 0
@misc_choice 24 1
4 24 [2]
$384,0
@assoc_type 25 1
3 25 0
@symbol_key 26 1
2 26 -1
@sect_name 27 10
2 27 no_name
@model_type 28 1
2 28 2
@idtab_ptr 29 0
2 29 ->
@misc_id_tab 30 0
3 30 [1]
4 30 
@misc_hist 31 1
5 31 [5]
$3,534,0,-1,500
@save_geoms 32 0
3 32 NULL
@cr_flags_xar 33 1
3 33 NULL
@cvt_feat_dat 34 0
3 34 NULL
@feat_dates_ptr 35 0
3 35 ->
@creat_date 36 1
4 36 200057
@regen_date 37 1
4 37 200057
@group_info_ptr 38 0
2 38 NULL
@intrs_pairs_ptr 39 0
2 39 ->
@place_rec_ptr 40 0
2 40 ->
@local_sys 41 2
3 41 [4][3]
$3FF,0,0
$0,3FF,0
$0,0,3FF
$0,0,0
@own_ref_id 42 1
3 42 -1
@orient 43 1
3 43 0
@trf_arr 44 0
3 44 [1]
4 44 
@type 45 1
5 45 10
@idx 46 1
5 46 0
@transf 47 2
5 47 [4][3]
$3FF,0,0
$0,3FF,0
$0,0,3FF
$0,0,0
@next_prop 48 0
2 48 NULL
@first_geom_id 49 1
2 49 -1
@cond_tbl_idx 50 1
2 50 -1
@comment 51 10
2 51 NULL
@merge_info_ptr 52 0
2 52 NULL
@topology_increment 53 0
2 53 ->
@first_geom 54 1
3 54 0
@first_quilt 55 1
3 55 0
@outline 56 2
3 56 [2][3]
$0,0,0
$0,0,0
@max_part_size 57 2
3 57 0
@xform_increment 58 0
3 58 NULL
@roll_back_id 59 1
3 59 -1
@time_stamp 60 0
3 60 ->
@time 61 1
4 61 985690330
@random_num 62 1
4 62 2051749027
@hostid 63 1
4 63 680431796
@state_ind 64 1
2 64 -1
@alumni_info 65 0
2 65 NULL
@revnum 66 1
2 66 0
@rev_rec 67 0
2 67 ->
@num_plins 68 1
3 68 0
@expl_state_ref 69 0
2 69 NULL
@feat_outl_info 70 0
2 70 ->
@ent_outl 71 2
2 71 [2][3]
$0,0,0
$0,0,0
@next_feat_ptr 72 0
1 72 ->
2 3 4
2 4 2049
2 5 ->
3 6 -1
3 7 932
3 8 NULL
3 9 0
3 10 [3]
$0,0,0
3 11 0
3 12 991
3 13 -1
3 14 ->
4 15 0
4 16 0
4 17 0
4 18 -1
4 19 -1
4 20 -1
4 21 0
4 22 0
4 23 0
4 24 [2]
$4136,0
3 25 0
2 26 -1
2 27 no_name
2 28 2
2 29 ->
@srf_id_arr 73 1
3 73 [126][4]
$32,212,33,0
$36,212,37,0
$40,212,41,0
$44,212,45,0
$48,212,49,0
$52,212,53,0
$56,212,57,0
$60,212,61,0
$64,212,65,0
$68,212,69,0
$72,212,73,0
$76,212,77,0
$80,212,81,0
$84,212,85,0
$88,212,89,0
$92,212,85,0
$94,212,95,0
$98,212,99,0
$102,212,103,0
$106,212,107,0
$110,212,111,0
$114,212,115,0
$118,212,119,0
$122,212,95,0
$124,212,125,0
$128,212,57,0
$130,212,131,0
$134,212,135,0
$138,212,53,0
$140,212,111,0
$142,212,143,0
$146,212,147,0
$150,212,115,0
$152,212,153,0
$156,212,157,0
$160,212,119,0
$162,212,163,0
$166,212,167,0
$170,212,171,0
$174,212,147,0
$176,212,177,0
$180,212,181,0
$184,212,185,0
$188,212,157,0
$190,212,191,0
$194,212,195,0
$200,212,195,0
$202,212,203,0
$206,212,207,0
$210,212,211,0
$214,212,215,0
$218,212,219,0
$222,212,223,0
$226,212,227,0
$230,212,231,0
$234,212,235,0
$238,212,219,0
$240,212,241,0
$244,212,245,0
$248,212,249,0
$252,212,253,0
$256,212,257,0
$260,212,261,0
$31,214,32,0
$35,214,36,0
$39,214,40,0
$43,214,44,0
$47,214,48,0
$51,214,52,0
$55,214,56,0
$59,214,60,0
$63,214,64,0
$67,214,68,0
$71,214,72,0
$75,214,76,0
$79,214,80,0
$83,214,84,0
$87,214,88,0
$91,214,92,0
$93,214,94,0
$97,214,98,0
$101,214,102,0
$105,214,106,0
$109,214,110,0
$113,214,114,0
$117,214,118,0
$121,214,122,0
$123,214,124,0
$127,214,128,0
$129,214,130,0
$133,214,134,0
$137,214,138,0
$139,214,140,0
$141,214,142,0
$145,214,146,0
$149,214,150,0
$151,214,152,0
$155,214,156,0
$159,214,160,0
$161,214,162,0
$165,214,166,0
$169,214,170,0
$173,214,174,0
$175,214,176,0
$179,214,180,0
$183,214,184,0
$187,214,188,0
$189,214,190,0
$193,214,194,0
$199,214,200,0
$201,214,202,0
$205,214,206,0
$209,214,210,0
$213,214,214,0
$217,214,218,0
$221,214,222,0
$225,214,226,0
$229,214,230,0
$233,214,234,0
$237,214,238,0
$239,214,240,0
$243,214,244,0
$247,214,248,0
$251,214,252,0
$255,214,256,0
$259,214,260,0
@edg_id_arr 74 1
3 74 [322][6]
$34,232,0,0,0,32
$266,232,0,0,0,40
$270,232,0,0,0,32
$274,232,0,0,0,32
$278,232,0,0,0,32
$282,232,0,0,0,32
$284,232,0,0,0,32
$216,232,0,0,0,32
$38,232,0,0,0,36
$46,232,0,0,0,44
$294,232,0,0,0,36
$298,232,0,0,0,36
$302,232,0,0,0,36
$306,232,0,0,0,36
$308,232,0,0,0,36
$204,232,0,0,0,36
$42,232,0,0,0,48
$268,232,0,0,0,40
$264,232,0,0,0,40
$290,232,0,0,0,44
$316,232,0,0,0,52
$292,232,0,0,0,44
$50,232,0,0,0,48
$314,232,0,0,0,48
$320,232,0,0,0,48
$54,232,0,0,0,52
$326,232,0,0,0,52
$318,232,0,0,0,52
$58,232,0,0,0,128
$330,232,0,0,0,64
$322,232,0,0,0,122
$62,232,0,0,0,130
$324,232,0,0,0,138
$70,232,0,0,0,68
$66,232,0,0,0,72
$332,232,0,0,0,64
$328,232,0,0,0,64
$334,232,0,0,0,68
$340,232,0,0,0,76
$336,232,0,0,0,68
$74,232,0,0,0,72
$338,232,0,0,0,72
$344,232,0,0,0,80
$78,232,0,0,0,76
$350,232,0,0,0,84
$342,232,0,0,0,76
$82,232,0,0,0,80
$356,232,0,0,0,88
$346,232,0,0,0,80
$86,232,0,0,0,92
$352,232,0,0,0,84
$348,232,0,0,0,84
$90,232,0,0,0,94
$358,232,0,0,0,88
$354,232,0,0,0,88
$360,232,0,0,0,92
$364,232,0,0,0,98
$132,232,0,0,0,92
$96,232,0,0,0,94
$362,232,0,0,0,94
$368,232,0,0,0,94
$100,232,0,0,0,98
$374,232,0,0,0,98
$366,232,0,0,0,98
$104,232,0,0,0,128
$126,232,0,0,0,124
$370,232,0,0,0,122
$108,232,0,0,0,130
$372,232,0,0,0,138
$380,232,0,0,0,134
$112,232,0,0,0,110
$304,232,0,0,0,110
$386,232,0,0,0,142
$116,232,0,0,0,114
$280,232,0,0,0,114
$390,232,0,0,0,152
$120,232,0,0,0,118
$394,232,0,0,0,118
$378,232,0,0,0,124
$272,232,0,0,0,166
$376,232,0,0,0,128
$398,232,0,0,0,166
$168,232,0,0,0,166
$384,232,0,0,0,134
$296,232,0,0,0,170
$136,232,0,0,0,170
$382,232,0,0,0,138
$404,232,0,0,0,170
$144,232,0,0,0,142
$310,232,0,0,0,174
$388,232,0,0,0,142
$406,232,0,0,0,174
$148,232,0,0,0,174
$154,232,0,0,0,152
$286,232,0,0,0,188
$392,232,0,0,0,152
$408,232,0,0,0,188
$158,232,0,0,0,188
$164,232,0,0,0,160
$198,232,0,0,0,194
$396,232,0,0,0,160
$410,232,0,0,0,194
$288,232,0,0,0,166
$414,232,0,0,0,184
$182,232,0,0,0,180
$418,232,0,0,0,176
$420,232,0,0,0,194
$422,232,0,0,0,190
$400,232,0,0,0,166
$172,232,0,0,0,170
$402,232,0,0,0,170
$312,232,0,0,0,170
$430,232,0,0,0,170
$426,232,0,0,0,194
$300,232,0,0,0,202
$178,232,0,0,0,194
$416,232,0,0,0,180
$434,232,0,0,0,206
$186,232,0,0,0,184
$436,232,0,0,0,206
$440,232,0,0,0,210
$438,232,0,0,0,206
$276,232,0,0,0,214
$192,232,0,0,0,194
$444,232,0,0,0,222
$424,232,0,0,0,218
$196,232,0,0,0,200
$442,232,0,0,0,222
$432,232,0,0,0,206
$450,232,0,0,0,226
$224,232,0,0,0,222
$454,232,0,0,0,202
$232,232,0,0,0,230
$428,232,0,0,0,226
$208,232,0,0,0,234
$212,232,0,0,0,238
$236,232,0,0,0,234
$412,232,0,0,0,214
$448,232,0,0,0,218
$460,232,0,0,0,238
$220,232,0,0,0,238
$462,232,0,0,0,240
$446,232,0,0,0,240
$228,232,0,0,0,230
$452,232,0,0,0,240
$456,232,0,0,0,234
$246,232,0,0,0,244
$466,232,0,0,0,240
$458,232,0,0,0,238
$468,232,0,0,0,248
$464,232,0,0,0,240
$254,232,0,0,0,252
$242,232,0,0,0,256
$470,232,0,0,0,248
$476,232,0,0,0,260
$258,232,0,0,0,256
$250,232,0,0,0,260
$472,232,0,0,0,252
$474,232,0,0,0,256
$262,232,0,0,0,260
$478,232,0,0,0,260
$33,286,34,0,0,31
$265,286,266,0,0,39
$269,286,270,0,0,31
$273,286,274,0,0,31
$277,286,278,0,0,31
$281,286,282,0,0,31
$283,286,284,0,0,31
$215,286,216,0,0,31
$37,286,38,0,0,35
$45,286,46,0,0,43
$293,286,294,0,0,35
$297,286,298,0,0,35
$301,286,302,0,0,35
$305,286,306,0,0,35
$307,286,308,0,0,35
$203,286,204,0,0,35
$41,286,42,0,0,47
$267,286,268,0,0,39
$263,286,264,0,0,39
$289,286,290,0,0,43
$315,286,316,0,0,51
$291,286,292,0,0,43
$49,286,50,0,0,47
$313,286,314,0,0,47
$319,286,320,0,0,47
$53,286,54,0,0,51
$325,286,326,0,0,51
$317,286,318,0,0,51
$57,286,58,0,0,127
$329,286,330,0,0,63
$321,286,322,0,0,121
$61,286,62,0,0,129
$323,286,324,0,0,137
$69,286,70,0,0,67
$65,286,66,0,0,71
$331,286,332,0,0,63
$327,286,328,0,0,63
$333,286,334,0,0,67
$339,286,340,0,0,75
$335,286,336,0,0,67
$73,286,74,0,0,71
$337,286,338,0,0,71
$343,286,344,0,0,79
$77,286,78,0,0,75
$349,286,350,0,0,83
$341,286,342,0,0,75
$81,286,82,0,0,79
$355,286,356,0,0,87
$345,286,346,0,0,79
$85,286,86,0,0,91
$351,286,352,0,0,83
$347,286,348,0,0,83
$89,286,90,0,0,93
$357,286,358,0,0,87
$353,286,354,0,0,87
$359,286,360,0,0,91
$363,286,364,0,0,97
$131,286,132,0,0,91
$95,286,96,0,0,93
$361,286,362,0,0,93
$367,286,368,0,0,93
$99,286,100,0,0,97
$373,286,374,0,0,97
$365,286,366,0,0,97
$103,286,104,0,0,127
$125,286,126,0,0,123
$369,286,370,0,0,121
$107,286,108,0,0,129
$371,286,372,0,0,137
$379,286,380,0,0,133
$111,286,112,0,0,109
$303,286,304,0,0,109
$385,286,386,0,0,141
$115,286,116,0,0,113
$279,286,280,0,0,113
$389,286,390,0,0,151
$119,286,120,0,0,117
$393,286,394,0,0,117
$377,286,378,0,0,123
$271,286,272,0,0,165
$375,286,376,0,0,127
$397,286,398,0,0,165
$167,286,168,0,0,165
$383,286,384,0,0,133
$295,286,296,0,0,169
$135,286,136,0,0,169
$381,286,382,0,0,137
$403,286,404,0,0,169
$143,286,144,0,0,141
$309,286,310,0,0,173
$387,286,388,0,0,141
$405,286,406,0,0,173
$147,286,148,0,0,173
$153,286,154,0,0,151
$285,286,286,0,0,187
$391,286,392,0,0,151
$407,286,408,0,0,187
$157,286,158,0,0,187
$163,286,164,0,0,159
$197,286,198,0,0,193
$395,286,396,0,0,159
$409,286,410,0,0,193
$287,286,288,0,0,165
$413,286,414,0,0,183
$181,286,182,0,0,179
$417,286,418,0,0,175
$419,286,420,0,0,193
$421,286,422,0,0,189
$399,286,400,0,0,165
$171,286,172,0,0,169
$401,286,402,0,0,169
$311,286,312,0,0,169
$429,286,430,0,0,169
$425,286,426,0,0,193
$299,286,300,0,0,201
$177,286,178,0,0,193
$415,286,416,0,0,179
$433,286,434,0,0,205
$185,286,186,0,0,183
$435,286,436,0,0,205
$439,286,440,0,0,209
$437,286,438,0,0,205
$275,286,276,0,0,213
$191,286,192,0,0,193
$443,286,444,0,0,221
$423,286,424,0,0,217
$195,286,196,0,0,199
$441,286,442,0,0,221
$431,286,432,0,0,205
$449,286,450,0,0,225
$223,286,224,0,0,221
$453,286,454,0,0,201
$231,286,232,0,0,229
$427,286,428,0,0,225
$207,286,208,0,0,233
$211,286,212,0,0,237
$235,286,236,0,0,233
$411,286,412,0,0,213
$447,286,448,0,0,217
$459,286,460,0,0,237
$219,286,220,0,0,237
$461,286,462,0,0,239
$445,286,446,0,0,239
$227,286,228,0,0,229
$451,286,452,0,0,239
$455,286,456,0,0,233
$245,286,246,0,0,243
$465,286,466,0,0,239
$457,286,458,0,0,237
$467,286,468,0,0,247
$463,286,464,0,0,239
$253,286,254,0,0,251
$241,286,242,0,0,255
$469,286,470,0,0,247
$475,286,476,0,0,259
$257,286,258,0,0,255
$249,286,250,0,0,259
$471,286,472,0,0,251
$473,286,474,0,0,255
$261,286,262,0,0,259
$477,286,478,0,0,259
3 30 [1]
4 30 
5 31 [5]
$30,207,31,-1,501
3 32 NULL
3 33 NULL
3 34 NULL
3 35 ->
4 36 200057
4 37 200057
2 38 NULL
2 39 ->
2 40 ->
3 41 [4][3]
$3FF,0,0
$0,3FF,0
$0,0,3FF
$0,0,0
@place_instruction_ptrs 75 0
3 75 [1]
4 75 ->
@type 76 1
5 76 82
@offset 77 2
5 77 0
@dim_id 78 1
5 78 -1
@ref_id 79 1
5 79 -1
@geometry1_id 80 1
5 80 3
@geometry2_id 81 1
5 81 -1
@memb_num1 82 1
5 82 0
@memb_num2 83 1
5 83 0
@attr 84 1
5 84 0
3 42 -1
3 43 0
2 48 NULL
2 49 -1
2 50 -1
2 51 NULL
2 52 NULL
@dat_ptr(intf_data) 85 0
2 85 ->
@type 86 1
3 86 342
@filename 87 10
3 87 d:\temp\whoopie.sldprt
@model_size 88 2
3 88 4059
@model_eps 89 2
3 89 0
@make_solid_feature 90 1
3 90 1
@op_type 91 1
3 91 1
@time_stamp 92 0
3 92 
@tm_sec 93 1
4 93 26
@tm_min 94 1
4 94 55
@tm_hour 95 1
4 95 10
@tm_mday 96 1
4 96 11
@tm_mon 97 1
4 97 9
@tm_year 98 1
4 98 2015
@potentially_modified 99 1
3 99 0
@reread 100 1
3 100 0
@parent_table 101 1
2 101 [1]
$2
2 53 ->
3 54 0
3 55 0
3 56 [2][3]
$0,0,0
$0,0,0
3 57 0
3 58 NULL
3 59 -1
3 60 ->
4 61 985690330
4 62 2051749027
4 63 680431796
2 64 -1
2 65 NULL
2 66 1
2 67 ->
3 68 1
2 69 NULL
2 70 NULL
1 72 NULL
@layer_list 102 0
1 102 [2]
2 102 
@feat_id 103 1
3 103 2
@layer_id 104 1
3 104 0
@back_layer_id 105 1
3 105 0
2 102 
3 103 4
3 104 0
3 105 0
#FullMData
@Sld_FullData 1 0
0 1 ->
@first_member_ptr 2 0
1 2 NULL
@alumni_members 3 0
1 3 NULL
@first_xsec_ptr 4 0
1 4 NULL
@lang_ptr 5 0
1 5 NULL
@first_csys_ptr 6 0
1 6 NULL
@ipar_num 7 1
1 7 0
@smt_info_ptr 8 0
1 8 NULL
@cable_info_ptr 9 0
1 9 NULL
@comp_info_ptr 10 0
1 10 NULL
@prt_misc_ptr 11 0
1 11 ->
@shrink_data_ptr 12 0
2 12 NULL
@expld_mv_info 13 0
1 13 NULL
@state_info_ptr 14 0
1 14 NULL
@alumni_feats 15 0
1 15 NULL
@p_mdl_grid 16 0
1 16 NULL
@mdl_status_ptr 17 0
1 17 NULL
@appl_info_arr 18 0
1 18 [1]
2 18 
@id 19 1
3 19 -1
@type 20 1
3 20 13
@ribbon_info_ptr 21 0
1 21 NULL
@p_xref_data 22 0
1 22 ->
@first_analysis_feat 23 0
1 23 NULL
#ModelView#0
@View 1 0
0 1 ->
@id 2 1
1 2 0
@viewattr 3 0
1 3 
@attr_arr 4 1
2 4 [4]
$1,0,0,0
@mpoint 5 0
1 5 
@id 6 1
2 6 0
@coord 7 2
2 7 [3]
$0,0,0
@first_instr_ptr 8 0
2 8 NULL
@attach_ptr 9 0
2 9 NULL
@vpoint 10 0
1 10 
2 6 0
2 7 [3]
$407F4,407A5E,0
2 8 NULL
2 9 NULL
@orient 11 2
1 11 [4][4]
$3FF,0,0,0
$0,3FF,0,0
$0,0,3FF,0
$0,0,0,3FF
@local_sys 12 2
1 12 [4][4]
$3FF,0,0,0
$0,3FF,0,0
$0,0,3FF,0
$0,0,0,3FF
@world_matrix_ptr 13 0
1 13 NULL
@first_instr_ptr 14 0
1 14 ->
@type 15 1
2 15 100
@geom_id 16 1
2 16 -1
@view_id 17 1
2 17 -1
@memb_num 18 1
2 18 0
@offset 19 2
2 19 0
@matrix 20 0
2 20 NULL
@next_instr_ptr 21 0
1 21 ->
2 15 301
2 16 -1
2 17 -1
2 18 0
2 19 3FF
2 20 NULL
1 21 NULL
@outer_xsec_index 22 1
1 22 -1
@next_view_id 23 1
1 23 -2
@simp_rep_id 24 1
1 24 0
@name 25 10
1 25 no name
@fit_outline 26 2
1 26 [2][3]
$4059,405518,0
$408C2,4087BB,0
@det_info_ptr 27 0
1 27 NULL
@named_view_pzmatr 28 0
1 28 NULL
@page_id 29 1
1 29 0
@model_name 30 10
1 30 NULL
@unrep_model_name 31 10
1 31 NULL
@saved_pro_dls 32 0
1 32 ->
@eye 33 0
2 33 
@matrix 34 2
3 34 [4][4]
$3FF,0,0,0
$0,3FF,0,0
$0,0,3FF,0
$0,0,0,3FF
@position 35 2
3 35 [3]
$0,0,0
@view_angle 36 2
3 36 0
@explode_state 37 0
1 37 NULL
#DispDataColor
@ref_color_table 1 0
0 1 
#DispDataTable
@disp_data_table 1 0
0 1 
@disp_data_arr 2 0
1 2 [1]
2 2 
@disp_data 3 0
3 3 ->
@part_color 4 1
4 4 -1
@color_prop_ptr 5 0
4 5 ->
@color_refs 6 0
5 6 [2]
6 6 
@ref_color 7 0
7 7 ->
@maximum 8 2
8 8 [3]
$0,0,0
@ambient 9 2
8 9 3FF
@diffuse 10 2
8 10 3FF
@specular 11 2
8 11 3FE
@spec_coef 12 2
8 12 3FF
@transmission 13 2
8 13 0
@threshold 14 1
8 14 90
@gl_ind 15 1
8 15 2
@highlight 16 2
8 16 [3]
$3FF,3FF,3FF
@reflection 17 2
8 17 3FF
@bump_height 18 2
8 18 3FF
@bump 19 3
8 19 NULL
@decal_intensity 20 2
8 20 3FF
@decal 21 3
8 21 NULL
@texture 22 3
8 22 NULL
6 6 
7 7 ->
8 8 [3]
$3FE9595959595959,3FEA3A3A3A3A3A3A,3FEDDDDDDDDDDDDE
8 9 3FF
8 10 3FF
8 11 3FE999999999999A
8 12 3FF
8 13 0
8 14 90
8 15 2
8 16 [3]
$3FF,3FF,3FF
8 17 3FF
8 18 3FF
8 19 NULL
8 20 3FF
8 21 NULL
8 22 NULL
@surf_ind_tab 23 0
5 23 [64]
6 23 
@surf_id 24 1
7 24 31
@surf_color_inds 25 1
7 25 [2]
$0,-1
@surf_pl 26 0
7 26 [2]
8 26 
@placement_ptr 27 0
9 27 NULL
8 26 
9 27 NULL
6 23 
7 24 35
7 25 [2]
$0,-1
7 26 [2]
8 26 
9 27 NULL
8 26 
9 27 NULL
6 23 
7 24 39
7 25 [2]
$0,-1
7 26 [2]
8 26 
9 27 NULL
8 26 
9 27 NULL
6 23 
7 24 43
7 25 [2]
$0,-1
7 26 [2]
8 26 
9 27 NULL
8 26 
9 27 NULL
6 23 
7 24 47
7 25 [2]
$0,-1
7 26 [2]
8 26 
9 27 NULL
8 26 
9 27 NULL
6 23 
7 24 51
7 25 [2]
$0,-1
7 26 [2]
8 26 
9 27 NULL
8 26 
9 27 NULL
6 23 
7 24 55
7 25 [2]
$0,-1
7 26 [2]
8 26 
9 27 NULL
8 26 
9 27 NULL
6 23 
7 24 59
7 25 [2]
$0,-1
7 26 [2]
8 26 
9 27 NULL
8 26 
9 27 NULL
6 23 
7 24 63
7 25 [2]
$0,-1
7 26 [2]
8 26 
9 27 NULL
8 26 
9 27 NULL
6 23 
7 24 67
7 25 [2]
$0,-1
7 26 [2]
8 26 
9 27 NULL
8 26 
9 27 NULL
6 23 
7 24 71
7 25 [2]
$0,-1
7 26 [2]
8 26 
9 27 NULL
8 26 
9 27 NULL
6 23 
7 24 75
7 25 [2]
$0,-1
7 26 [2]
8 26 
9 27 NULL
8 26 
9 27 NULL
6 23 
7 24 79
7 25 [2]
$0,-1
7 26 [2]
8 26 
9 27 NULL
8 26 
9 27 NULL
6 23 
7 24 83
7 25 [2]
$0,-1
7 26 [2]
8 26 
9 27 NULL
8 26 
9 27 NULL
6 23 
7 24 87
7 25 [2]
$0,-1
7 26 [2]
8 26 
9 27 NULL
8 26 
9 27 NULL
6 23 
7 24 91
7 25 [2]
$0,-1
7 26 [2]
8 26 
9 27 NULL
8 26 
9 27 NULL
6 23 
7 24 93
7 25 [2]
$0,-1
7 26 [2]
8 26 
9 27 NULL
8 26 
9 27 NULL
6 23 
7 24 97
7 25 [2]
$0,-1
7 26 [2]
8 26 
9 27 NULL
8 26 
9 27 NULL
6 23 
7 24 101
7 25 [2]
$0,-1
7 26 [2]
8 26 
9 27 NULL
8 26 
9 27 NULL
6 23 
7 24 105
7 25 [2]
$0,-1
7 26 [2]
8 26 
9 27 NULL
8 26 
9 27 NULL
6 23 
7 24 109
7 25 [2]
$0,-1
7 26 [2]
8 26 
9 27 NULL
8 26 
9 27 NULL
6 23 
7 24 113
7 25 [2]
$0,-1
7 26 [2]
8 26 
9 27 NULL
8 26 
9 27 NULL
6 23 
7 24 117
7 25 [2]
$0,-1
7 26 [2]
8 26 
9 27 NULL
8 26 
9 27 NULL
6 23 
7 24 121
7 25 [2]
$0,-1
7 26 [2]
8 26 
9 27 NULL
8 26 
9 27 NULL
6 23 
7 24 123
7 25 [2]
$0,-1
7 26 [2]
8 26 
9 27 NULL
8 26 
9 27 NULL
6 23 
7 24 127
7 25 [2]
$0,-1
7 26 [2]
8 26 
9 27 NULL
8 26 
9 27 NULL
6 23 
7 24 129
7 25 [2]
$0,-1
7 26 [2]
8 26 
9 27 NULL
8 26 
9 27 NULL
6 23 
7 24 133
7 25 [2]
$0,-1
7 26 [2]
8 26 
9 27 NULL
8 26 
9 27 NULL
6 23 
7 24 137
7 25 [2]
$0,-1
7 26 [2]
8 26 
9 27 NULL
8 26 
9 27 NULL
6 23 
7 24 139
7 25 [2]
$0,-1
7 26 [2]
8 26 
9 27 NULL
8 26 
9 27 NULL
6 23 
7 24 141
7 25 [2]
$0,-1
7 26 [2]
8 26 
9 27 NULL
8 26 
9 27 NULL
6 23 
7 24 145
7 25 [2]
$0,-1
7 26 [2]
8 26 
9 27 NULL
8 26 
9 27 NULL
6 23 
7 24 149
7 25 [2]
$0,-1
7 26 [2]
8 26 
9 27 NULL
8 26 
9 27 NULL
6 23 
7 24 151
7 25 [2]
$0,-1
7 26 [2]
8 26 
9 27 NULL
8 26 
9 27 NULL
6 23 
7 24 155
7 25 [2]
$0,-1
7 26 [2]
8 26 
9 27 NULL
8 26 
9 27 NULL
6 23 
7 24 159
7 25 [2]
$0,-1
7 26 [2]
8 26 
9 27 NULL
8 26 
9 27 NULL
6 23 
7 24 161
7 25 [2]
$0,-1
7 26 [2]
8 26 
9 27 NULL
8 26 
9 27 NULL
6 23 
7 24 165
7 25 [2]
$0,-1
7 26 [2]
8 26 
9 27 NULL
8 26 
9 27 NULL
6 23 
7 24 169
7 25 [2]
$0,-1
7 26 [2]
8 26 
9 27 NULL
8 26 
9 27 NULL
6 23 
7 24 173
7 25 [2]
$0,-1
7 26 [2]
8 26 
9 27 NULL
8 26 
9 27 NULL
6 23 
7 24 175
7 25 [2]
$0,-1
7 26 [2]
8 26 
9 27 NULL
8 26 
9 27 NULL
6 23 
7 24 179
7 25 [2]
$0,-1
7 26 [2]
8 26 
9 27 NULL
8 26 
9 27 NULL
6 23 
7 24 183
7 25 [2]
$0,-1
7 26 [2]
8 26 
9 27 NULL
8 26 
9 27 NULL
6 23 
7 24 187
7 25 [2]
$0,-1
7 26 [2]
8 26 
9 27 NULL
8 26 
9 27 NULL
6 23 
7 24 189
7 25 [2]
$0,-1
7 26 [2]
8 26 
9 27 NULL
8 26 
9 27 NULL
6 23 
7 24 193
7 25 [2]
$0,-1
7 26 [2]
8 26 
9 27 NULL
8 26 
9 27 NULL
6 23 
7 24 199
7 25 [2]
$0,-1
7 26 [2]
8 26 
9 27 NULL
8 26 
9 27 NULL
6 23 
7 24 201
7 25 [2]
$0,-1
7 26 [2]
8 26 
9 27 NULL
8 26 
9 27 NULL
6 23 
7 24 205
7 25 [2]
$0,-1
7 26 [2]
8 26 
9 27 NULL
8 26 
9 27 NULL
6 23 
7 24 209
7 25 [2]
$0,-1
7 26 [2]
8 26 
9 27 NULL
8 26 
9 27 NULL
6 23 
7 24 213
7 25 [2]
$0,-1
7 26 [2]
8 26 
9 27 NULL
8 26 
9 27 NULL
6 23 
7 24 217
7 25 [2]
$0,-1
7 26 [2]
8 26 
9 27 NULL
8 26 
9 27 NULL
6 23 
7 24 221
7 25 [2]
$0,-1
7 26 [2]
8 26 
9 27 NULL
8 26 
9 27 NULL
6 23 
7 24 225
7 25 [2]
$0,-1
7 26 [2]
8 26 
9 27 NULL
8 26 
9 27 NULL
6 23 
7 24 229
7 25 [2]
$0,-1
7 26 [2]
8 26 
9 27 NULL
8 26 
9 27 NULL
6 23 
7 24 233
7 25 [2]
$0,-1
7 26 [2]
8 26 
9 27 NULL
8 26 
9 27 NULL
6 23 
7 24 237
7 25 [2]
$0,-1
7 26 [2]
8 26 
9 27 NULL
8 26 
9 27 NULL
6 23 
7 24 239
7 25 [2]
$0,-1
7 26 [2]
8 26 
9 27 NULL
8 26 
9 27 NULL
6 23 
7 24 243
7 25 [2]
$0,-1
7 26 [2]
8 26 
9 27 NULL
8 26 
9 27 NULL
6 23 
7 24 247
7 25 [2]
$0,-1
7 26 [2]
8 26 
9 27 NULL
8 26 
9 27 NULL
6 23 
7 24 251
7 25 [2]
$0,-1
7 26 [2]
8 26 
9 27 NULL
8 26 
9 27 NULL
6 23 
7 24 255
7 25 [2]
$0,-1
7 26 [2]
8 26 
9 27 NULL
8 26 
9 27 NULL
6 23 
7 24 259
7 25 [2]
$0,-1
7 26 [2]
8 26 
9 27 NULL
8 26 
9 27 NULL
6 23 
7 24 -1
7 25 [2]
$1,-1
7 26 [2]
8 26 
9 27 NULL
8 26 
9 27 NULL
@model_type 28 1
4 28 2
@flags 29 1
4 29 0
@generic_name 30 10
4 30 NULL
@label 31 10
4 31 NULL
@components 32 0
4 32 
#AssMrgPrt
@assem_merge_parts 1 0
0 1 ->
#END_OF_UGC
